a	000	41	0	1	9	8	1.1	0	8	9	10	8	7	9	1	1	0
a	001	22	1	1	3	6	1.0	1	9	11	3	5	7	14	1	1	0
a	002	32	0	1	7	6	1.125	0	7	7	7	7	5	7	1	1	0
a	003	21	0	1	5	4	0.75	1	2	3	9	9	11	4	1	1	1
a	004	35	0	3	8	5	1.3333333333333333	1	10	11	9	9	9	12	1	1	1
a	005	37	4	1	6	9	0.9090909090909091	1	17	17	5	10	9	21	1	1	0
a	006	61	0	1	10	8	0.9090909090909091	0	12	13	6	9	0	2	1	1	0
a	007	42	0	0	9	8	0.7272727272727273	0	9	8	6	8	6	8	1	1	0
a	008	43	3	0	10	8	0.7692307692307693	2	6	8	13	16	13	8	1	1	0
a	009	29	0	2	6	5	1.125	1	6	8	7	7	7	7	1	1	0
a	010	49	1	0	10	9	0.6923076923076923	0	14	11	11	12	11	12	1	1	0
a	011	45	0	1	11	6	0.8571428571428571	0	7	10	22	20	24	12	1	1	1
a	012	46	0	1	9	11	1.0	0	7	10	12	13	12	7	1	1	0
a	013	21	0	1	3	3	1.0	0	4	6	6	7	8	8	1	1	1
a	014	43	2	2	9	8	0.9090909090909091	1	12	11	7	9	4	12	1	1	0
a	015	46	1	0	9	8	1.0	0	8	9	10	12	11	8	1	1	0
a	016	38	1	2	10	6	1.1818181818181819	1	6	6	10	11	17	13	1	1	4
a	017	43	0	0	10	7	0.7272727272727273	0	7	6	11	13	4	5	1	1	0
a	018	36	0	1	6	5	1.0	1	8	10	10	12	13	13	1	1	1
a	019	25	0	4	6	3	1.375	1	5	7	5	6	9	13	1	1	4
a	020	33	1	0	7	5	0.9	1	6	8	9	12	13	11	1	1	2
a	021	57	7	0	3	14	1.0	1	36	36	14	16	15	37	1	1	0
a	022	53	6	0	3	13	1.0	1	33	33	13	15	14	34	1	1	0
a	023	40	0	0	8	8	1.0833333333333333	1	9	9	9	10	15	15	1	1	2
a	024	54	0	0	10	11	0.9166666666666666	0	7	9	10	11	1	4	1	1	0
a	025	28	0	2	6	5	1.5714285714285714	1	6	8	4	4	6	10	1	1	1
a	026	24	0	1	5	4	1.1428571428571428	0	6	7	6	8	8	9	1	1	1
a	027	50	0	0	7	8	0.7857142857142857	0	11	12	17	20	19	10	1	1	0
a	028	84	0	0	12	11	0.8571428571428571	0	15	16	8	11	0	0	1	1	0
a	029	43	1	0	9	7	0.7692307692307693	1	6	8	12	18	15	9	1	1	2
a	030	24	0	1	4	4	0.875	0	4	6	6	8	7	6	1	1	0
a	031	28	0	2	7	2	1.2222222222222223	0	5	6	4	6	6	12	1	1	3
a	032	22	0	1	3	4	1.0	1	6	5	6	6	12	10	1	1	2
a	033	39	0	3	7	6	1.25	1	8	11	13	15	23	17	1	1	5
a	034	29	1	0	6	5	0.9	1	4	6	13	10	16	6	1	1	1
a	035	36	0	0	7	8	0.8	1	9	9	6	7	6	10	1	1	0
a	036	35	1	0	9	6	0.9090909090909091	0	7	6	9	12	12	10	1	1	1
a	037	55	1	1	11	8	0.8571428571428571	0	10	12	13	14	4	11	1	1	0
a	038	47	0	0	10	9	1.2	1	9	9	10	9	8	9	1	1	0
a	039	28	0	0	8	6	1.25	0	4	4	7	8	13	6	1	1	2
a	040	27	0	1	7	5	1.125	0	5	5	8	8	8	7	1	1	0
a	041	35	0	3	9	5	1.3	1	6	8	9	6	12	13	1	1	4
a	042	45	0	1	10	7	1.0909090909090908	0	8	10	12	10	8	10	1	1	0
a	043	32	0	0	6	4	0.8181818181818182	1	6	7	13	13	16	8	1	1	0
a	044	33	0	0	6	5	1.0	1	7	8	10	10	15	13	1	1	2
a	045	43	0	0	9	10	0.9090909090909091	2	11	14	9	8	8	12	1	1	0
a	046	24	1	0	5	4	1.1428571428571428	0	6	6	4	4	3	6	1	1	0
a	047	53	1	1	13	8	1.0	0	9	10	20	22	24	11	1	1	1
a	048	31	0	0	5	4	0.75	1	7	6	15	15	21	10	1	1	2
a	049	37	1	1	9	7	0.6666666666666666	1	3	4	13	12	11	4	1	1	0
a	050	46	1	2	6	9	1.0909090909090908	2	17	20	8	9	8	19	1	1	0
a	051	27	2	1	4	5	0.9090909090909091	3	6	7	7	7	15	14	1	0	4
a	052	53	0	0	13	10	0.9230769230769231	0	7	8	17	16	13	7	1	1	0
a	053	39	0	0	9	7	0.8333333333333334	1	7	7	14	15	16	9	1	1	1
a	054	26	0	3	6	4	1.6666666666666667	1	5	7	3	3	1	5	1	1	0
a	055	62	0	3	14	8	1.0666666666666667	0	13	12	17	17	7	13	1	1	0
a	056	34	1	1	9	4	0.8181818181818182	1	7	6	12	11	10	10	1	1	1
a	057	35	0	2	8	6	1.1818181818181819	3	8	11	10	11	14	14	1	0	2
a	058	37	1	1	9	4	1.0909090909090908	1	11	9	14	11	14	14	1	1	0
a	059	23	1	0	6	6	0.8571428571428571	1	4	4	4	7	5	3	1	1	0
a	060	36	0	0	9	5	1.0909090909090908	1	9	9	11	10	16	15	1	1	3
a	061	40	0	2	8	8	1.4444444444444444	0	8	11	7	7	5	9	1	1	0
a	062	36	0	1	8	7	1.3333333333333333	0	7	8	8	6	6	9	1	1	0
a	063	48	0	3	10	8	0.9230769230769231	1	8	12	13	14	8	10	1	1	0
a	064	68	0	0	13	13	1.0714285714285714	0	11	15	15	13	5	7	1	1	0
a	065	50	1	0	10	8	1.0833333333333333	0	11	12	10	12	8	11	1	1	0
a	066	33	0	1	6	4	1.2	0	9	9	9	9	15	15	1	1	3
a	067	19	0	1	4	4	1.0	1	3	4	6	8	11	5	1	1	0
a	068	42	1	0	8	6	0.9230769230769231	1	9	10	13	15	17	15	1	1	1
a	069	56	0	1	12	9	1.0	0	9	11	16	14	10	10	1	1	0
a	070	36	0	1	7	8	1.125	0	9	12	6	5	3	11	1	1	0
a	071	31	0	4	5	2	1.1818181818181819	1	6	7	10	11	17	16	1	1	4
a	072	48	4	1	7	11	0.9230769230769231	1	20	21	7	11	11	24	1	1	0
a	073	31	1	0	7	4	1.0	0	8	8	8	8	4	8	1	1	0
a	074	31	0	1	8	6	1.0	0	4	5	10	7	5	4	1	1	0
a	075	33	0	3	5	3	1.0	0	7	6	13	15	21	12	1	1	3
a	076	49	0	1	11	10	0.9285714285714286	0	8	9	13	14	13	10	1	1	0
a	077	24	0	1	6	5	1.2857142857142858	0	6	6	4	3	6	9	1	1	3
a	078	39	0	4	11	3	1.2727272727272727	0	7	8	10	13	14	16	1	1	6
a	079	33	0	0	7	6	0.9090909090909091	0	6	7	8	11	15	11	1	1	2
a	080	43	1	0	8	10	1.0	0	4	8	8	7	4	3	1	1	0
a	081	37	0	2	7	7	1.2222222222222223	1	8	10	10	7	7	9	1	1	0
a	082	51	0	1	11	8	1.0	0	10	11	9	12	11	14	1	1	1
a	083	35	0	3	7	3	1.0833333333333333	3	8	8	14	14	21	16	1	0	6
a	084	53	0	1	10	9	1.0769230769230769	0	12	13	14	14	12	12	1	1	0
a	085	29	0	1	4	6	1.0	0	6	8	9	7	7	8	1	1	0
a	086	59	2	3	8	10	1.0	2	20	21	10	13	11	17	1	1	0
a	087	37	1	1	7	11	1.0909090909090908	1	6	8	8	8	8	7	1	1	0
a	088	31	1	0	7	6	1.125	0	7	6	6	7	5	6	1	1	0
a	089	21	0	1	4	4	1.1666666666666667	2	5	7	6	6	5	5	1	0	0
a	090	31	0	0	6	4	0.9090909090909091	1	5	6	9	9	16	12	1	1	3
a	091	46	0	1	10	8	1.1818181818181819	0	10	10	11	10	9	11	1	1	1
a	092	35	0	2	5	4	1.0833333333333333	1	8	11	12	12	18	16	1	1	3
a	093	42	1	0	8	10	1.0	1	14	15	6	7	6	15	1	1	0
a	094	25	0	1	6	6	1.25	1	4	6	7	7	14	9	1	1	2
a	095	34	0	0	7	5	0.9	0	7	9	10	13	11	9	1	1	0
a	096	30	2	1	7	5	0.9090909090909091	1	6	6	10	12	16	10	1	1	2
a	097	62	0	0	12	10	0.8461538461538461	0	7	8	11	14	1	1	1	1	0
a	098	41	0	2	7	6	0.8571428571428571	1	7	8	16	15	22	13	1	1	4
a	099	33	0	0	6	5	1.0	1	7	8	9	9	14	14	1	1	1
b	000	23	7	0	4	4	0.45454545454545453	1	3	5	10	10	9	3	1	1	0
b	001	41	8	0	5	6	0.625	1	10	10	17	14	16	9	1	1	0
b	002	60	0	0	11	11	0.7333333333333333	0	17	17	15	14	15	15	1	2	0
b	003	30	5	0	5	5	0.5833333333333334	1	6	6	13	10	11	6	1	1	0
b	004	24	6	0	5	2	0.6363636363636364	1	7	7	11	9	10	9	1	1	0
b	005	29	4	0	5	6	0.6363636363636364	1	6	7	12	9	11	6	1	1	0
b	006	36	4	0	6	6	0.6923076923076923	1	8	8	14	12	14	9	1	1	0
b	007	46	5	1	5	2	0.8823529411764706	1	17	17	17	15	20	25	1	1	3
b	008	31	8	0	3	1	0.6	1	9	10	15	12	17	14	1	1	2
b	009	30	6	0	2	2	0.6666666666666666	1	11	12	14	13	14	12	1	1	0
b	010	28	3	1	5	4	0.8	0	8	7	10	8	8	8	1	1	0
b	011	53	0	1	12	8	0.7142857142857143	0	13	12	13	13	13	14	1	2	0
b	012	28	4	0	3	4	0.5714285714285714	1	5	4	15	13	20	9	1	1	2
b	013	34	7	2	4	3	0.625	2	7	9	15	15	18	11	1	1	0
b	014	42	6	1	9	7	0.75	1	6	6	15	16	21	11	1	1	2
b	015	36	5	0	9	4	0.6428571428571429	2	6	6	17	16	20	11	1	1	2
b	016	34	9	0	4	4	0.5333333333333333	1	7	9	14	12	14	8	1	1	0
b	017	25	5	0	4	3	0.5454545454545454	1	5	6	11	10	11	6	1	1	0
b	018	25	5	0	4	4	0.4166666666666667	1	2	4	12	10	11	3	1	1	0
b	019	25	6	1	4	3	0.75	1	7	7	10	8	13	12	1	1	1
b	020	36	5	0	6	6	0.6153846153846154	1	7	6	14	10	12	6	1	1	0
b	021	21	5	0	2	2	0.5	1	5	6	11	10	11	6	1	1	0
b	022	34	7	0	5	3	0.7142857142857143	1	11	11	15	11	15	15	1	1	1
b	023	43	6	0	7	7	0.6	1	8	10	17	14	14	7	1	1	0
b	024	36	6	0	6	4	0.35294117647058826	1	4	4	20	18	20	4	1	1	0
b	025	35	6	1	6	4	0.7692307692307693	1	10	10	13	9	10	13	1	1	0
b	026	34	8	0	2	2	0.6428571428571429	1	13	14	16	15	16	14	1	1	0
b	027	37	7	0	7	6	0.6	2	6	7	15	14	16	8	1	1	0
b	028	36	4	0	5	6	0.5	1	4	5	16	15	14	4	1	1	0
b	029	27	6	0	3	2	0.46153846153846156	1	5	6	15	13	15	6	1	1	0
b	030	33	5	0	3	3	0.5714285714285714	1	6	9	16	15	17	9	1	1	1
b	031	28	6	0	3	4	0.5	1	5	5	13	13	15	8	1	1	0
b	032	35	5	0	6	3	0.7857142857142857	1	10	10	14	13	17	15	1	1	2
b	033	30	3	0	4	4	0.5384615384615384	1	4	5	14	10	14	8	1	1	1
b	034	31	6	0	4	3	0.6153846153846154	1	8	9	14	12	14	9	1	1	0
b	035	30	7	0	4	5	0.42857142857142855	1	6	4	15	14	15	5	1	1	0
b	036	42	3	0	9	6	0.6428571428571429	1	5	5	17	10	12	5	1	1	0
b	037	38	6	0	8	4	0.6	1	7	7	16	15	16	10	1	1	1
b	038	19	5	0	2	2	0.4	1	3	4	11	10	11	4	1	1	0
b	039	34	5	0	7	4	0.8461538461538461	1	10	10	14	13	19	15	1	1	3
b	040	24	5	0	4	3	0.4166666666666667	1	3	4	13	12	13	5	1	1	0
b	041	17	3	0	3	3	0.7142857142857143	1	3	4	6	5	5	3	1	1	0
b	042	26	6	0	5	4	0.5	1	4	5	12	10	11	5	1	1	0
b	043	31	4	0	6	5	0.9090909090909091	3	9	8	11	9	9	10	1	0	0
b	044	30	5	0	5	5	0.7272727272727273	1	8	8	11	9	10	8	1	1	0
b	045	30	7	0	6	3	0.6923076923076923	1	8	9	12	10	11	12	1	1	1
b	046	86	0	0	18	12	0.6666666666666666	0	12	14	19	15	4	0	1	2	0
b	047	31	6	0	4	4	0.5	1	7	7	16	14	16	8	1	1	0
b	048	23	5	0	5	5	0.5	1	2	5	9	8	8	2	1	1	0
b	049	20	4	0	2	4	0.4	1	2	3	9	8	8	2	1	1	0
b	050	35	6	0	5	4	0.5333333333333333	1	8	7	17	15	17	10	1	1	2
b	051	32	0	0	5	3	0.5454545454545454	0	5	7	12	10	3	6	1	1	0
b	052	28	6	0	3	4	0.46153846153846156	1	6	6	13	12	13	5	1	1	0
b	053	61	0	0	12	10	0.7333333333333333	0	18	19	15	14	15	17	1	2	0
b	054	36	7	0	5	5	0.7692307692307693	1	12	11	13	9	11	12	1	1	0
b	055	29	5	0	6	4	0.5384615384615384	3	7	7	14	12	14	8	2	1	1
b	056	45	0	0	7	6	0.46153846153846156	0	4	4	13	11	0	0	1	1	0
b	057	30	6	1	4	4	0.6428571428571429	1	6	7	11	12	16	11	1	1	2
b	058	29	9	1	4	1	0.6428571428571429	1	10	10	14	10	14	15	1	1	1
b	059	45	0	0	7	5	0.5714285714285714	0	7	8	14	13	2	7	1	1	0
b	060	30	6	0	3	3	0.4666666666666667	1	5	6	17	14	18	9	1	1	1
b	061	34	6	0	5	4	0.6666666666666666	1	8	9	14	12	18	14	1	1	3
b	062	31	6	1	5	6	0.6153846153846154	1	5	6	11	10	12	6	1	1	0
b	063	29	5	0	3	3	0.6153846153846154	1	7	8	14	11	16	11	1	1	2
b	064	45	7	0	8	6	0.6666666666666666	1	10	10	17	15	14	9	1	1	0
b	065	26	5	0	2	4	0.46153846153846156	1	5	4	14	12	15	6	1	1	0
b	066	35	5	0	5	5	0.4666666666666667	1	6	6	18	16	18	6	1	1	0
b	067	20	5	0	4	4	0.4	1	2	3	10	7	8	1	1	1	0
b	068	90	0	0	10	11	0.6875	0	8	8	16	12	0	0	1	1	0
b	069	45	7	0	9	7	0.5294117647058824	1	7	6	19	18	17	7	1	1	0
b	070	35	5	0	6	6	0.5714285714285714	1	5	6	14	10	11	4	1	1	0
b	071	28	6	0	2	3	0.5	1	5	6	15	12	18	9	1	1	1
b	072	29	3	0	7	4	0.7	1	6	5	10	10	7	7	1	1	0
b	073	43	8	0	8	5	0.5882352941176471	1	10	10	17	17	17	11	1	1	1
b	074	25	6	0	4	5	0.5454545454545454	1	4	5	10	8	9	3	1	1	0
b	075	21	7	0	4	3	0.45454545454545453	1	2	5	10	9	9	3	1	1	0
b	076	25	4	0	3	3	0.5833333333333334	1	6	5	13	11	16	9	1	1	1
b	077	25	7	0	4	2	0.5	1	5	6	13	10	11	6	1	1	0
b	078	26	6	0	2	2	0.5	1	7	8	14	13	14	8	1	1	0
b	079	33	5	0	6	5	0.75	1	9	10	13	9	11	10	1	1	0
b	080	23	4	0	4	4	0.5	1	2	4	9	7	7	3	1	1	0
b	081	27	3	0	5	5	0.7	1	3	5	10	7	10	5	1	1	1
b	082	25	5	0	4	3	0.5454545454545454	1	5	6	11	10	11	6	1	1	0
b	083	18	4	0	3	3	0.4444444444444444	1	2	4	9	8	9	3	1	1	0
b	084	35	6	0	5	4	0.7692307692307693	1	12	13	13	12	13	14	1	1	0
b	085	32	5	0	5	6	0.5714285714285714	1	6	5	14	10	15	6	1	1	1
b	086	42	7	0	5	5	0.8571428571428571	1	16	15	14	11	13	16	1	1	0
b	087	30	3	0	4	5	0.5833333333333334	1	5	7	14	12	15	7	1	1	1
b	088	32	4	0	4	4	0.6666666666666666	1	8	8	14	11	14	9	1	1	0
b	089	19	5	0	4	3	0.5555555555555556	1	2	5	8	7	7	3	1	1	0
b	090	33	7	0	5	4	0.4375	1	4	6	18	15	18	7	1	1	1
b	091	72	0	0	10	11	0.7333333333333333	0	9	9	15	10	0	0	1	1	0
b	092	39	5	0	6	8	0.5	0	6	7	13	12	12	7	1	1	0
b	093	29	6	0	5	4	0.5	1	4	5	12	10	9	4	1	1	0
b	094	44	5	0	9	5	0.9285714285714286	1	15	14	14	14	14	18	1	1	1
b	095	30	3	0	4	5	0.9090909090909091	1	9	10	9	8	10	12	1	1	0
b	096	32	5	1	4	3	0.6923076923076923	1	8	9	13	12	14	11	1	1	0
b	097	35	7	0	5	6	0.5	1	7	8	14	14	14	5	1	1	0
b	098	27	5	0	5	5	0.38461538461538464	1	4	3	15	13	14	3	1	1	0
b	099	17	4	0	3	4	0.5555555555555556	1	3	3	8	8	10	3	1	1	0
c	000	30	6	0	2	6	0.6428571428571429	1	10	10	8	6	6	10	1	0	0
c	001	47	3	0	8	9	0.8181818181818182	0	14	14	13	11	7	0	1	0	0
c	002	25	4	0	4	4	1.0	0	11	11	5	5	6	15	1	0	0
c	003	22	8	2	3	2	1.0	2	11	11	4	4	9	17	1	0	3
c	004	32	6	0	6	3	1.0	2	15	14	7	6	8	22	1	0	1
c	005	37	1	0	5	9	0.9090909090909091	1	11	11	4	4	1	4	1	0	0
c	006	29	7	0	4	2	0.8571428571428571	2	11	11	8	8	12	19	1	0	2
c	007	29	6	0	4	4	0.8461538461538461	2	11	10	8	7	11	15	1	0	2
c	008	20	5	2	2	2	0.9	2	9	8	4	5	6	13	1	0	0
c	009	21	9	0	2	3	0.6666666666666666	1	8	9	6	7	11	11	1	0	2
c	010	37	6	0	4	5	0.9285714285714286	0	14	13	6	8	10	16	1	0	2
c	011	35	6	3	3	7	0.8	2	11	11	8	6	6	11	1	0	0
c	012	29	6	0	5	4	0.75	1	9	10	8	7	7	9	1	0	0
c	013	21	2	4	3	1	1.3333333333333333	2	12	12	2	2	2	18	1	0	1
c	014	16	3	1	2	4	0.8571428571428571	1	7	7	4	4	3	6	1	0	0
c	015	33	6	0	6	6	0.6	1	6	6	10	12	14	7	1	0	0
c	016	38	6	1	5	7	0.9285714285714286	1	17	16	8	7	7	16	1	0	0
c	017	34	5	0	3	5	0.8571428571428571	2	12	12	11	11	17	15	1	0	2
c	018	40	8	0	3	5	1.0	1	20	19	7	6	8	23	1	0	2
c	019	22	3	0	5	5	0.7777777777777778	1	6	7	7	6	8	8	1	0	1
c	020	28	6	1	5	5	0.9166666666666666	1	10	10	6	6	10	15	1	0	2
c	021	63	0	0	9	11	0.7857142857142857	0	9	9	8	8	0	0	1	0	0
c	022	23	3	0	4	2	1.0	2	10	11	5	4	5	14	1	0	0
c	023	17	3	0	2	2	0.8571428571428571	2	8	8	5	3	3	8	1	0	0
c	024	54	0	0	8	9	0.8181818181818182	0	13	13	13	11	0	0	1	0	0
c	025	32	4	0	4	8	0.9090909090909091	2	11	12	6	5	6	9	1	0	0
c	026	21	3	1	3	3	1.0	1	8	8	5	3	3	8	1	0	0
c	027	29	8	0	4	3	0.7692307692307693	1	12	14	9	9	10	15	1	0	0
c	028	23	2	1	3	3	0.9	2	9	9	4	3	2	11	1	0	0
c	029	38	5	1	6	8	0.7692307692307693	1	11	11	7	5	5	4	1	0	0
c	030	26	6	1	2	2	0.75	2	11	10	7	8	6	11	1	0	0
c	031	32	6	1	6	3	1.0	2	12	12	7	5	11	19	1	0	2
c	032	46	4	0	6	5	0.8	2	16	16	17	17	17	15	1	0	0
c	033	35	4	1	4	5	0.9166666666666666	2	14	13	13	12	13	13	1	0	0
c	034	24	5	0	4	3	0.7	2	8	9	9	8	9	9	1	0	0
c	035	42	7	0	6	8	0.8	1	13	13	12	12	12	12	1	0	0
c	036	76	0	0	13	10	0.7692307692307693	0	9	9	7	7	0	0	1	0	0
c	037	21	2	0	3	3	1.1428571428571428	1	9	10	4	3	3	9	1	0	0
c	038	21	6	1	3	2	0.9	1	10	9	5	6	9	14	1	0	3
c	039	24	9	0	4	3	0.6923076923076923	1	8	8	6	6	11	14	1	0	4
c	040	43	5	0	6	7	0.875	2	13	15	10	10	10	15	1	0	0
c	041	29	5	0	4	4	0.7857142857142857	2	8	8	9	9	16	14	1	0	2
c	042	23	7	0	4	4	0.8181818181818182	1	9	10	5	6	8	13	1	0	1
c	043	31	4	2	3	5	0.8461538461538461	2	11	11	6	4	4	11	1	0	0
c	044	20	3	1	2	3	0.7777777777777778	2	7	7	5	3	3	7	1	0	0
c	045	60	0	0	9	13	0.9285714285714286	0	14	15	7	10	2	2	1	0	0
c	046	40	6	0	6	6	0.8571428571428571	0	12	12	9	9	9	11	1	0	0
c	047	19	8	1	2	1	0.8	2	10	10	6	6	8	13	1	0	2
c	048	31	7	1	3	2	1.0833333333333333	1	17	18	7	6	7	22	1	0	1
c	049	63	0	0	12	12	0.8	0	12	14	6	6	0	1	1	0	0
c	050	27	6	1	4	4	0.75	2	10	10	8	6	7	11	1	0	0
c	051	29	4	0	5	3	1.0	0	12	11	8	7	7	13	1	0	0
c	052	34	10	0	2	1	1.0	2	22	22	12	10	10	22	1	0	0
c	053	36	4	0	7	7	0.8571428571428571	2	14	14	6	4	4	14	1	0	0
c	054	25	6	0	4	2	0.9090909090909091	1	12	11	6	7	9	17	1	0	2
c	055	29	6	0	3	3	1.0	1	14	14	4	5	6	19	1	0	2
c	056	19	4	1	2	1	0.9	1	7	8	4	5	7	13	1	0	2
c	057	24	5	1	3	2	1.1111111111111112	2	13	13	5	5	5	15	1	0	0
c	058	41	6	3	4	9	1.0	1	16	15	7	6	7	15	1	0	0
c	059	26	8	0	2	2	0.75	2	13	13	9	7	8	14	1	0	0
c	060	28	7	1	4	5	0.8333333333333334	0	10	12	7	7	8	12	1	0	0
c	061	31	4	0	4	5	0.9166666666666666	1	12	12	6	9	8	13	1	0	0
c	062	31	5	0	4	4	0.7692307692307693	2	12	12	7	5	5	12	1	0	0
c	063	41	4	0	7	8	0.8571428571428571	0	10	11	7	5	5	10	1	0	0
c	064	26	6	0	4	4	0.6666666666666666	1	9	9	8	6	6	10	1	0	0
c	065	35	6	1	3	5	0.8571428571428571	2	15	15	8	6	6	15	1	0	0
c	066	28	2	0	5	5	0.8888888888888888	1	10	9	9	8	8	9	1	0	0
c	067	46	0	0	6	9	0.9	0	10	10	6	6	0	0	1	0	0
c	068	29	5	1	4	5	0.8333333333333334	2	12	12	7	5	5	12	1	0	0
c	069	16	4	0	3	1	1.0	1	7	9	4	4	5	10	1	0	1
c	070	27	8	2	2	3	0.7857142857142857	2	12	12	7	7	8	16	1	0	1
c	071	30	6	0	4	3	0.9166666666666666	0	14	12	9	9	12	15	1	0	1
c	072	35	6	0	5	6	0.8571428571428571	2	15	16	7	6	6	16	1	0	0
c	073	19	4	1	3	3	0.7	2	6	7	5	4	4	8	1	0	0
c	074	25	9	0	2	3	0.7692307692307693	2	11	12	6	5	9	14	1	0	1
c	075	20	5	2	3	2	0.9	2	8	8	6	6	9	13	1	0	1
c	076	23	6	0	4	3	0.8181818181818182	2	9	9	7	5	9	14	1	0	1
c	077	33	5	1	6	6	1.0	0	13	11	8	6	7	12	1	0	0
c	078	37	7	3	3	6	0.9333333333333333	2	15	17	7	7	7	16	1	0	0
c	079	29	2	0	7	6	0.8	0	7	7	7	6	6	6	1	0	0
c	080	29	7	2	4	3	0.8461538461538461	1	10	12	9	9	12	15	1	0	1
c	081	22	9	0	2	3	0.6153846153846154	1	8	7	7	8	13	12	1	0	3
c	082	27	4	0	6	4	1.0	0	10	11	7	4	6	14	1	0	0
c	083	32	8	1	5	3	0.7333333333333333	1	10	11	11	10	13	17	1	0	2
c	084	28	6	1	5	3	0.8461538461538461	0	8	9	7	8	13	13	1	0	3
c	085	28	3	1	5	6	0.9090909090909091	1	9	9	5	3	3	9	1	0	0
c	086	28	5	1	3	2	1.0	1	12	11	6	7	14	17	1	0	3
c	087	32	5	0	6	6	0.9090909090909091	0	11	13	8	8	8	12	1	0	0
c	088	34	12	0	2	1	0.6111111111111112	2	13	13	14	14	20	20	1	1	4
c	089	20	3	1	2	3	1.0	2	9	10	6	5	7	11	1	0	0
c	090	25	5	2	4	3	1.0	2	10	11	7	6	10	15	1	0	1
c	091	22	8	0	3	2	0.75	1	9	9	5	5	9	13	1	0	2
c	092	22	7	1	2	1	0.6923076923076923	1	6	5	6	8	13	11	1	0	4
c	093	25	5	0	3	4	0.7272727272727273	2	10	10	7	5	5	10	1	0	0
c	094	26	6	2	3	4	0.9166666666666666	2	11	10	8	7	13	15	1	0	2
c	095	22	5	1	2	3	0.8	2	10	9	6	5	5	10	1	0	0
c	096	37	7	3	4	5	0.9333333333333333	2	12	13	7	6	7	14	1	0	1
c	097	32	4	2	3	5	1.0	1	12	13	6	5	5	12	1	0	0
c	098	23	5	0	3	3	1.0	1	12	13	6	5	6	14	1	0	0
c	099	24	10	2	3	2	0.8461538461538461	2	11	11	6	6	10	17	1	0	3
d	000	28	5	0	5	5	0.6666666666666666	1	7	7	10	11	12	9	1	1	0
d	001	26	8	0	4	3	0.35714285714285715	1	3	4	13	15	14	4	1	1	0
d	002	28	9	0	2	4	0.6	1	8	7	11	13	18	11	1	1	1
d	003	29	7	0	3	4	0.5333333333333333	1	5	5	12	13	17	8	1	1	1
d	004	23	7	0	2	2	0.38461538461538464	1	4	4	11	15	15	6	1	1	0
d	005	24	6	0	5	3	0.5833333333333334	1	5	4	8	10	11	8	1	1	1
d	006	26	6	0	4	3	0.5	1	5	6	11	12	12	6	1	1	0
d	007	37	6	0	6	6	0.5333333333333333	1	8	8	15	18	17	8	1	1	0
d	008	35	5	1	6	6	0.75	1	6	9	12	12	11	8	1	1	0
d	009	30	3	0	5	6	0.8888888888888888	2	6	8	6	8	6	7	1	1	0
d	010	55	2	2	8	8	0.7647058823529411	2	10	14	18	16	10	12	1	1	0
d	011	30	4	0	4	4	0.6666666666666666	1	8	7	9	12	11	9	1	1	0
d	012	31	4	1	5	4	0.5833333333333334	0	5	8	10	11	9	7	1	1	0
d	013	27	6	0	3	3	0.42857142857142855	1	3	5	12	16	17	7	1	1	2
d	014	45	5	0	6	6	0.6875	1	11	12	15	16	15	12	1	1	0
d	015	37	6	0	6	5	0.7142857142857143	1	10	12	13	16	15	13	1	1	0
d	016	34	8	0	3	5	0.5294117647058824	2	8	7	18	16	21	9	1	0	2
d	017	35	7	0	4	3	0.6428571428571429	1	11	12	14	15	15	12	1	1	0
d	018	30	7	0	4	3	0.5	1	7	7	14	15	15	9	1	1	0
d	019	26	3	1	6	5	0.7777777777777778	1	2	7	8	9	8	5	1	1	0
d	020	30	8	0	5	4	0.4	1	4	6	14	16	15	5	1	1	0
d	021	30	7	0	5	3	0.5714285714285714	1	6	7	11	14	16	11	1	1	2
d	022	36	6	0	7	7	0.6153846153846154	2	5	6	10	13	10	5	1	1	0
d	023	30	7	0	6	4	0.42857142857142855	1	3	3	10	14	11	2	1	1	0
d	024	29	6	0	3	3	0.42857142857142855	1	6	5	14	17	17	7	1	1	0
d	025	31	5	0	7	5	0.6666666666666666	2	6	5	10	13	13	8	1	1	2
d	026	49	5	2	6	6	0.6470588235294118	2	8	11	14	14	10	10	1	1	0
d	027	22	3	1	4	3	0.6	1	2	4	9	9	11	5	1	1	0
d	028	35	7	0	5	4	0.5333333333333333	1	8	9	15	16	16	9	1	1	0
d	029	44	6	0	9	8	0.6	2	6	8	14	16	13	6	1	1	0
d	030	25	8	0	4	3	0.46153846153846156	1	5	5	11	12	12	6	1	1	0
d	031	68	0	0	10	10	0.7142857142857143	0	9	9	12	16	0	0	1	1	0
d	032	26	6	0	4	3	0.5	1	5	6	11	12	12	6	1	1	0
d	033	23	6	0	3	1	0.5833333333333334	1	5	5	9	10	13	9	1	1	2
d	034	38	5	0	8	6	0.6153846153846154	1	8	6	13	14	10	7	1	1	0
d	035	26	4	0	5	3	0.6363636363636364	2	5	6	8	11	12	9	1	1	2
d	036	42	0	0	8	5	0.42857142857142855	0	3	3	12	14	2	2	1	1	0
d	037	33	3	0	7	5	0.6666666666666666	1	4	6	9	12	11	9	1	1	1
d	038	26	6	0	5	4	0.5	1	5	5	10	12	11	5	1	1	0
d	039	54	0	0	9	8	0.5714285714285714	0	5	7	12	14	0	1	1	1	0
d	040	38	5	0	6	5	0.7142857142857143	1	9	8	11	16	15	11	1	1	0
d	041	27	6	0	4	4	0.5	1	5	5	10	12	11	5	1	1	0
d	042	31	4	2	6	5	0.8181818181818182	2	5	7	9	9	9	6	1	1	0
d	043	38	7	0	5	7	0.7142857142857143	2	8	10	11	14	13	9	1	1	0
d	044	46	6	0	9	6	0.6666666666666666	1	8	9	15	17	12	8	1	1	0
d	045	30	6	0	5	5	0.5	1	5	5	12	13	14	6	1	1	0
d	046	43	1	1	8	7	0.6923076923076923	0	6	8	12	14	7	7	1	1	0
d	047	25	6	1	4	3	0.5833333333333334	2	5	6	9	11	13	8	1	1	0
d	048	36	5	0	9	5	0.375	1	2	2	15	19	16	2	1	1	0
d	049	36	6	0	5	6	0.5333333333333333	1	6	8	13	14	14	7	1	1	0
d	050	34	4	0	4	4	0.6	2	4	6	10	15	16	10	1	1	3
d	051	29	5	1	5	4	0.6153846153846154	1	6	7	12	13	14	9	1	1	0
d	052	36	6	0	7	5	0.6	1	7	7	16	18	21	10	1	1	2
d	053	32	3	0	5	6	0.7272727272727273	0	4	4	6	6	5	3	1	1	0
d	054	43	3	2	7	5	0.8571428571428571	1	9	12	8	12	7	10	1	1	0
d	055	34	8	0	5	6	0.5333333333333333	1	8	8	13	14	14	8	1	1	0
d	056	48	0	2	7	5	0.8461538461538461	1	11	12	12	13	3	11	1	1	0
d	057	36	6	0	7	5	0.6	1	7	8	15	17	19	10	1	1	1
d	058	27	5	0	5	4	0.5	1	4	6	11	12	12	5	1	1	0
d	059	44	5	0	9	8	0.6470588235294118	1	8	9	15	16	18	10	1	1	0
d	060	21	4	1	3	2	0.6	2	3	5	9	11	12	7	1	1	0
d	061	30	5	0	5	4	0.5384615384615384	1	4	4	10	14	13	6	1	1	0
d	062	56	3	0	11	10	1.0714285714285714	1	12	13	11	12	9	12	1	1	0
d	063	21	3	0	4	2	0.6666666666666666	1	3	5	6	8	8	6	1	1	1
d	064	23	8	0	3	5	0.46153846153846156	1	4	5	9	9	13	7	1	1	1
d	065	27	6	0	4	4	0.5384615384615384	1	5	6	11	12	14	8	1	1	1
d	066	34	3	2	7	7	0.9090909090909091	2	5	7	9	10	11	6	1	1	0
d	067	21	6	1	4	4	0.6	1	3	4	10	8	10	3	1	1	0
d	068	20	4	0	3	2	0.5	1	1	3	9	10	11	2	1	1	0
d	069	29	7	1	5	3	0.5714285714285714	2	4	5	12	13	15	8	1	1	1
d	070	36	1	0	6	4	0.4	0	2	5	12	15	7	5	1	1	0
d	071	26	8	0	4	4	0.5384615384615384	1	6	6	11	11	12	7	1	1	0
d	072	67	0	0	8	10	0.6666666666666666	0	8	8	9	15	0	0	1	1	0
d	073	78	0	0	13	10	0.6111111111111112	0	5	7	11	13	0	0	1	3	0
d	074	29	4	0	5	5	0.6363636363636364	1	5	6	9	10	9	6	1	1	0
d	075	76	0	0	10	10	0.7142857142857143	0	7	7	10	14	0	0	1	1	0
d	076	39	7	1	9	6	0.625	1	3	7	17	18	20	8	1	1	1
d	077	47	0	0	8	5	0.4375	0	5	5	16	16	3	5	1	1	0
d	078	46	0	0	9	6	0.42857142857142855	0	3	3	11	15	0	0	1	1	0
d	079	34	6	0	5	5	0.5333333333333333	1	7	6	13	16	16	8	1	1	0
d	080	35	7	0	6	6	0.4666666666666667	1	7	4	14	15	12	5	1	1	0
d	081	30	5	0	6	3	0.6153846153846154	1	6	6	11	13	12	9	1	1	0
d	082	37	8	1	6	4	0.8571428571428571	1	8	10	12	12	16	9	1	1	0
d	083	20	8	0	2	2	0.3333333333333333	1	3	4	11	12	12	4	1	1	0
d	084	32	3	0	4	5	0.46153846153846156	2	3	4	10	11	9	3	1	1	0
d	085	29	4	0	6	5	0.5454545454545454	1	1	4	6	9	4	1	1	1	0
d	086	24	4	0	6	4	0.45454545454545453	1	2	2	8	11	10	2	1	1	0
d	087	25	8	0	2	2	0.5384615384615384	1	8	7	11	12	14	10	1	1	1
d	088	27	5	0	3	2	0.6153846153846154	1	7	7	11	13	16	12	1	1	2
d	089	42	4	2	8	7	0.8	1	7	6	15	16	18	10	1	1	2
d	090	35	4	0	7	5	0.7692307692307693	2	7	9	11	16	17	13	1	1	0
d	091	68	0	0	10	10	0.7142857142857143	0	9	9	12	16	0	0	1	1	0
d	092	45	9	1	6	5	0.6666666666666666	1	8	11	17	17	18	11	1	2	0
d	093	40	6	0	9	5	0.625	1	8	8	16	18	20	10	1	1	1
d	094	34	6	0	7	5	0.5333333333333333	1	5	7	12	17	15	8	1	1	1
d	095	24	6	0	3	3	0.46153846153846156	1	5	4	12	13	15	7	1	1	0
d	096	36	4	1	7	7	0.8181818181818182	1	6	8	10	11	8	7	1	1	0
d	097	23	4	0	4	3	0.5454545454545454	2	3	3	11	12	15	5	1	1	1
d	098	37	9	2	6	6	0.6	2	6	8	14	15	13	7	1	1	0
d	099	47	2	1	7	5	0.8	0	9	11	14	10	7	11	1	1	0
e	000	31	2	0	4	9	0.8181818181818182	2	12	13	8	7	14	18	1	0	3
e	001	34	3	0	7	9	0.75	0	13	13	7	7	11	21	1	1	3
e	002	32	2	1	6	9	1.1111111111111112	1	14	15	4	4	7	20	1	1	2
e	003	32	3	0	7	8	0.7272727272727273	1	10	9	6	6	8	13	1	1	0
e	004	28	3	0	4	7	0.6363636363636364	1	10	9	8	7	12	15	1	1	2
e	005	28	2	0	5	7	0.875	1	11	11	6	3	3	12	1	1	0
e	006	33	1	1	6	8	0.9	0	11	9	5	5	6	12	1	1	0
e	007	33	1	0	6	7	0.7	0	9	8	6	5	5	8	1	1	0
e	008	33	1	0	4	9	1.2222222222222223	1	16	18	4	3	8	25	1	1	4
e	009	31	2	0	6	8	0.8888888888888888	1	11	11	6	4	4	12	1	1	0
e	010	35	2	0	7	9	0.8181818181818182	1	12	13	8	7	10	16	1	1	1
e	011	32	4	0	6	8	0.7272727272727273	1	10	10	7	5	7	13	1	1	0
e	012	33	2	0	7	8	0.8888888888888888	0	10	11	5	5	4	9	1	1	0
e	013	34	3	0	5	7	0.75	1	10	11	8	9	9	10	1	0	0
e	014	37	3	0	6	9	0.75	0	12	12	7	5	6	14	1	1	0
e	015	39	4	0	4	11	1.0	1	22	21	8	6	11	26	1	1	2
e	016	30	2	1	5	8	1.0	1	13	14	5	3	10	23	1	1	3
e	017	58	2	0	9	14	1.0769230769230769	0	24	27	8	8	8	25	1	1	0
e	018	39	3	0	6	8	0.75	0	13	14	9	8	9	14	1	1	0
e	019	28	2	1	5	7	0.7272727272727273	2	9	10	8	8	9	12	1	0	0
e	020	59	1	0	9	14	1.0	0	22	22	7	5	5	23	1	1	0
e	021	31	1	1	8	7	1.0	0	9	10	6	4	4	13	1	1	0
e	022	39	2	0	7	9	0.9166666666666666	1	14	16	11	13	18	20	1	1	1
e	023	34	1	1	5	9	1.25	1	17	12	3	3	2	14	1	1	0
e	024	29	1	1	5	7	0.8888888888888888	1	9	11	4	5	5	11	1	1	0
e	025	43	1	0	6	11	1.1	1	19	19	6	4	4	20	1	1	0
e	026	43	5	0	6	10	0.8461538461538461	1	17	16	8	4	7	20	1	1	2
e	027	34	3	1	4	9	1.0	1	16	16	6	4	7	18	1	1	0
e	028	27	2	0	3	8	0.8888888888888888	2	14	15	6	7	7	17	1	0	0
e	029	23	2	1	5	7	1.1428571428571428	1	12	12	3	4	4	17	1	1	1
e	030	34	3	0	5	8	0.6666666666666666	0	11	11	8	7	9	14	1	1	0
e	031	21	1	0	4	5	0.8571428571428571	1	6	6	4	3	3	8	1	1	0
e	032	46	2	2	7	11	1.0	1	18	17	6	7	8	24	1	1	2
e	033	33	1	1	7	6	1.0	0	8	11	6	5	3	9	1	1	0
e	034	51	2	1	9	11	1.0	1	16	17	6	5	5	19	1	1	0
e	035	41	4	0	6	12	0.8571428571428571	1	18	19	8	7	14	29	1	1	3
e	036	29	2	0	4	8	1.0	1	12	13	5	4	4	13	1	1	0
e	037	43	1	0	7	11	1.1	1	18	18	7	6	5	19	1	1	0
e	038	42	1	0	7	10	1.0	1	14	15	5	4	3	15	1	1	0
e	039	21	1	1	5	5	0.8571428571428571	1	7	7	4	4	3	8	1	1	0
e	040	32	1	0	5	10	1.1111111111111112	1	15	16	3	4	2	21	1	1	0
e	041	42	4	0	5	12	1.0	1	21	20	7	8	11	26	1	0	2
e	042	37	3	1	4	10	0.9166666666666666	1	17	19	7	5	11	24	1	1	3
e	043	27	3	1	5	8	0.9	1	12	12	5	4	9	19	1	1	2
e	044	45	0	0	8	8	1.0	0	10	9	6	5	0	3	1	1	0
e	045	53	2	0	9	12	1.0833333333333333	0	18	19	6	6	6	18	1	2	0
e	046	46	2	0	6	12	1.0909090909090908	1	19	20	6	4	4	20	1	1	0
e	047	25	7	3	3	5	0.8	3	14	14	10	6	7	15	1	0	0
e	048	42	5	0	5	11	0.9230769230769231	2	21	23	10	10	12	26	1	0	0
e	049	29	1	0	4	8	1.0	1	13	14	5	4	4	15	1	1	0
e	050	37	1	1	8	8	1.1111111111111112	0	13	13	6	4	4	14	1	1	0
e	051	34	1	0	5	9	1.0	1	14	15	5	4	4	16	1	1	0
e	052	27	2	1	4	7	0.8888888888888888	1	10	12	5	5	8	15	1	1	2
e	053	32	3	0	6	7	0.6363636363636364	1	7	9	7	5	7	8	1	1	0
e	054	32	1	0	8	7	0.7777777777777778	0	9	10	7	7	6	10	1	1	0
e	055	27	2	2	5	7	1.125	1	13	13	5	4	6	17	1	1	1
e	056	34	1	0	6	8	1.125	0	12	14	5	4	3	13	1	1	0
e	057	34	1	0	7	7	0.8888888888888888	0	10	10	7	6	6	9	1	1	0
e	058	37	1	0	5	9	0.75	0	13	13	9	9	13	17	1	1	2
e	059	49	2	2	9	11	1.0833333333333333	1	22	22	8	6	7	23	1	1	0
e	060	29	5	0	3	6	0.8	2	16	15	8	5	5	16	1	0	0
e	061	30	1	0	5	7	0.875	0	12	13	7	8	7	13	1	1	0
e	062	42	2	1	9	8	0.8333333333333334	0	13	11	8	6	7	12	1	1	0
e	063	37	2	0	7	9	0.75	0	11	14	7	8	9	16	1	1	0
e	064	48	1	0	8	11	0.8461538461538461	1	14	13	5	5	4	14	1	1	0
e	065	54	2	0	8	13	0.9285714285714286	1	22	23	9	7	8	26	1	1	0
e	066	40	3	0	6	9	0.8333333333333334	0	12	12	8	7	8	11	1	1	0
e	067	45	2	2	9	10	1.0909090909090908	1	19	19	7	5	6	20	1	1	0
e	068	28	2	0	4	7	0.8888888888888888	1	14	13	6	4	7	18	1	1	0
e	069	35	3	0	5	10	1.0	2	17	17	6	6	9	20	1	0	2
e	070	31	3	0	4	8	0.8888888888888888	1	14	15	7	4	7	16	1	1	0
e	071	24	2	0	2	8	0.8888888888888888	1	9	10	3	3	10	19	1	1	6
e	072	38	3	0	7	9	0.8181818181818182	1	16	15	7	6	7	17	1	1	0
e	073	48	1	1	5	12	1.0833333333333333	1	20	21	4	4	3	21	1	1	0
e	074	39	1	1	7	11	1.0909090909090908	0	18	16	4	5	8	23	1	1	1
e	075	81	0	0	13	10	0.7692307692307693	0	10	11	8	7	0	0	1	1	0
e	076	32	3	0	5	8	0.6666666666666666	0	11	11	8	7	11	15	1	1	1
e	077	34	0	0	5	9	0.9090909090909091	1	12	10	6	7	14	19	1	1	4
e	078	33	3	0	6	8	0.9	1	14	15	7	7	7	16	1	1	0
e	079	28	3	1	4	7	0.8	1	10	11	5	6	10	16	1	1	1
e	080	37	1	0	6	9	1.0	1	16	16	7	4	3	17	1	1	0
e	081	30	1	0	7	7	0.7777777777777778	1	9	9	5	4	3	10	1	1	0
e	082	29	4	2	5	7	0.9090909090909091	2	11	12	7	8	11	15	1	0	2
e	083	30	1	0	6	7	0.7777777777777778	0	8	9	6	5	6	10	1	1	0
e	084	81	0	0	11	13	1.0833333333333333	0	18	19	5	5	0	0	1	1	0
e	085	63	1	1	11	15	1.1333333333333333	0	23	26	6	7	8	28	1	1	1
e	086	29	1	0	5	7	0.875	1	10	11	5	4	3	11	1	1	0
e	087	37	0	0	8	8	0.9	0	9	11	5	6	5	9	1	1	0
e	088	28	0	0	5	7	1.0	0	8	10	5	4	9	15	1	1	3
e	089	31	2	0	6	8	0.9	1	13	13	8	4	7	17	1	1	1
e	090	27	2	0	3	7	1.125	2	16	16	6	6	9	20	1	0	1
e	091	33	0	1	6	9	1.0	1	13	13	7	5	13	23	1	1	3
e	092	42	0	1	8	9	1.1	1	14	13	4	6	3	15	1	1	0
e	093	36	4	0	6	9	0.9090909090909091	1	15	15	7	6	8	18	1	1	1
e	094	35	1	0	6	9	0.9	1	10	12	5	4	6	13	1	1	1
e	095	36	2	2	6	8	1.1	0	16	16	7	5	6	19	1	1	0
e	096	44	2	0	7	10	1.0	0	18	19	7	6	7	19	1	1	0
e	097	39	5	2	6	8	1.0833333333333333	1	17	18	7	7	10	23	1	0	3
e	098	26	4	0	5	6	0.5454545454545454	1	6	8	7	5	8	9	1	1	0
e	099	33	1	0	8	8	0.8888888888888888	1	11	12	7	5	6	14	1	1	0
f	000	19	9	0	1	3	0.3076923076923077	2	4	3	11	8	9	4	1	0	0
f	001	36	12	4	3	3	0.6666666666666666	2	12	12	12	15	16	14	1	1	1
f	002	22	11	5	2	1	0.6153846153846154	4	8	7	11	10	11	9	1	0	0
f	003	15	6	1	2	1	0.625	3	7	6	8	5	6	7	1	0	0
f	004	32	5	3	3	5	0.6428571428571429	3	8	8	9	10	8	9	1	0	0
f	005	26	9	2	2	4	0.4	4	5	5	14	14	15	5	1	0	0
f	006	21	5	2	4	3	0.7	3	6	5	6	7	6	5	1	0	0
f	007	30	9	6	4	5	0.9285714285714286	4	11	11	7	7	10	14	1	0	0
f	008	48	0	0	6	6	0.7142857142857143	0	7	8	9	9	0	0	1	0	0
f	009	16	4	4	2	3	0.875	4	5	4	4	4	4	6	1	0	0
f	010	18	8	4	2	1	0.7	4	7	6	8	7	8	8	1	0	0
f	011	27	7	4	2	4	0.8333333333333334	4	9	10	9	10	11	10	1	0	0
f	012	30	8	5	4	3	0.9230769230769231	3	10	10	9	8	9	11	1	0	0
f	013	16	9	1	2	1	0.45454545454545453	3	5	5	9	7	9	7	1	0	1
f	014	30	5	1	4	4	0.75	2	10	9	9	6	7	10	1	1	0
f	015	30	5	3	3	4	1.0	2	12	12	8	10	10	13	1	0	0
f	016	21	8	4	2	1	0.6666666666666666	4	6	7	9	9	12	10	1	0	0
f	017	32	7	0	5	4	0.6	1	8	7	12	11	13	9	1	0	0
f	018	24	6	0	3	5	0.6363636363636364	2	8	7	8	7	7	7	1	0	0
f	019	23	4	1	4	3	0.7272727272727273	1	6	5	7	8	7	6	1	0	0
f	020	53	2	1	11	9	1.0	0	14	15	11	13	12	16	1	0	0
f	021	30	8	6	3	4	0.7142857142857143	3	12	11	9	9	8	12	1	0	0
f	022	33	11	2	4	4	0.5882352941176471	3	11	10	13	12	14	13	1	0	0
f	023	34	4	1	5	5	0.7142857142857143	4	9	9	13	15	16	11	1	0	0
f	024	31	9	2	3	4	0.8461538461538461	2	15	14	9	9	10	14	1	0	0
f	025	34	8	3	3	4	0.8571428571428571	2	14	12	10	11	11	14	1	0	0
f	026	29	7	3	4	4	0.6923076923076923	3	8	7	11	11	12	8	1	0	0
f	027	27	6	0	4	6	0.5833333333333334	2	5	6	7	7	7	7	1	0	0
f	028	20	9	1	2	1	0.5454545454545454	3	9	8	11	8	9	9	1	0	0
f	029	27	10	1	4	3	0.5714285714285714	2	8	6	12	10	11	7	1	0	0
f	030	22	12	2	2	1	0.42857142857142855	3	8	7	14	11	12	8	1	0	0
f	031	28	10	1	4	4	0.5333333333333333	2	5	5	12	10	11	4	1	0	0
f	032	26	7	1	3	5	0.5	2	8	7	11	8	7	4	1	0	0
f	033	19	7	2	2	1	0.7	4	6	6	5	6	8	10	1	0	0
f	034	25	8	1	3	2	0.6666666666666666	3	10	9	11	8	10	12	1	0	0
f	035	33	12	2	3	4	0.5	4	10	11	13	15	16	13	1	1	0
f	036	28	9	4	4	3	0.7142857142857143	4	8	6	11	11	13	8	1	0	0
f	037	30	6	4	4	3	1.0	2	10	8	8	8	9	10	1	0	0
f	038	33	11	5	4	5	0.7058823529411765	4	10	10	11	11	19	21	1	0	3
f	039	20	11	0	2	2	0.38461538461538464	3	7	6	12	9	11	7	1	0	0
f	040	24	8	1	2	3	0.6666666666666666	2	10	11	9	7	8	12	1	0	0
f	041	27	8	4	3	3	0.8333333333333334	4	11	9	10	10	11	11	1	0	0
f	042	26	10	4	2	3	0.7142857142857143	4	9	8	11	12	14	10	1	0	1
f	043	17	7	3	2	1	0.7777777777777778	4	7	7	6	6	7	9	1	0	0
f	044	27	10	5	3	3	0.7692307692307693	4	10	9	10	9	10	11	1	0	0
f	045	33	8	1	3	5	0.7857142857142857	3	13	13	8	8	8	14	1	0	0
f	046	32	6	3	4	3	1.0	4	15	15	6	7	7	18	1	0	0
f	047	26	7	3	2	5	0.6153846153846154	3	7	7	7	9	7	7	1	0	0
f	048	27	7	2	4	4	0.6153846153846154	3	5	5	9	9	9	4	1	0	0
f	049	26	7	2	4	4	0.8181818181818182	4	13	13	4	5	7	17	1	0	2
f	050	17	7	3	2	1	0.7777777777777778	4	7	7	6	6	7	9	1	0	0
f	051	22	10	2	2	3	0.46153846153846156	3	6	6	9	10	10	7	1	0	0
f	052	29	10	4	3	3	0.5625	4	8	7	15	14	17	10	1	0	0
f	053	25	9	5	3	2	0.8333333333333334	4	10	9	9	8	9	12	1	0	0
f	054	26	8	3	3	3	0.75	3	9	7	9	9	10	9	1	0	0
f	055	31	6	3	3	4	0.8461538461538461	3	10	8	11	11	12	9	1	0	0
f	056	24	8	4	3	1	0.8333333333333334	3	8	7	8	9	11	10	1	0	1
f	057	31	7	3	3	5	0.7142857142857143	4	7	7	12	12	13	7	1	0	0
f	058	33	0	0	4	5	0.5454545454545454	0	6	7	9	8	0	0	1	0	0
f	059	36	8	4	4	3	0.875	2	11	12	10	11	12	14	1	0	0
f	060	26	4	2	4	4	0.6666666666666666	2	5	4	9	8	10	4	1	0	0
f	061	32	7	2	3	4	0.6428571428571429	3	11	10	12	9	7	10	1	0	0
f	062	20	9	2	2	2	0.5	3	7	6	11	8	9	7	1	0	0
f	063	26	9	6	3	3	0.7692307692307693	4	9	7	11	11	12	9	1	0	0
f	064	23	8	0	3	4	0.5384615384615384	1	6	5	9	7	9	5	1	0	0
f	065	19	11	4	2	1	0.5384615384615384	4	5	5	9	9	11	8	1	0	1
f	066	24	10	1	2	2	0.5	3	8	7	12	9	12	11	1	0	0
f	067	21	6	5	2	3	0.9	4	8	7	6	6	6	9	1	0	0
f	068	20	9	2	2	2	0.5	4	6	5	9	8	9	7	1	0	0
f	069	27	6	4	1	2	0.6	4	4	4	10	12	14	9	1	0	3
f	070	26	5	1	5	4	0.6363636363636364	4	7	6	8	10	10	8	1	0	0
f	071	28	8	5	3	3	0.7692307692307693	4	10	9	11	12	13	11	1	0	0
f	072	19	9	2	2	2	0.38461538461538464	2	3	2	11	12	13	4	1	0	0
f	073	23	9	1	3	2	0.5384615384615384	2	7	5	8	10	11	8	1	0	0
f	074	20	9	0	3	2	0.3076923076923077	2	4	3	13	11	12	3	1	0	0
f	075	24	11	1	2	1	0.5384615384615384	3	11	10	13	10	11	11	1	0	0
f	076	17	8	2	1	1	0.4166666666666667	2	2	2	10	10	12	4	1	0	0
f	077	28	10	4	3	3	0.7142857142857143	3	10	8	10	10	11	10	1	0	0
f	078	25	9	3	3	2	0.6428571428571429	2	7	5	11	11	13	8	1	0	0
f	079	28	7	3	4	3	0.5714285714285714	4	6	4	14	14	15	6	1	0	0
f	080	31	8	5	2	4	0.8571428571428571	3	12	10	9	10	10	12	1	0	0
f	081	31	8	3	3	2	0.7857142857142857	3	11	10	11	10	13	12	1	0	0
f	082	23	9	2	2	1	0.6153846153846154	3	8	8	9	9	11	12	1	0	1
f	083	14	3	0	2	2	0.8333333333333334	3	7	6	5	3	3	7	1	0	0
f	084	31	3	3	6	4	0.7692307692307693	2	6	6	13	13	14	8	1	0	0
f	085	40	0	0	4	4	0.42857142857142855	0	7	6	14	11	0	0	1	0	0
f	086	17	7	4	2	1	0.7	4	5	5	7	7	9	8	1	0	0
f	087	31	10	3	4	2	0.8	3	12	12	10	9	14	18	1	0	2
f	088	42	5	5	7	6	1.0714285714285714	3	18	19	7	7	10	24	1	0	2
f	089	46	4	4	8	9	1.0	2	15	11	8	8	7	13	1	0	0
f	090	33	9	1	3	6	0.7142857142857143	2	11	12	9	8	9	12	1	0	0
f	091	35	12	2	3	5	0.6666666666666666	3	12	11	13	12	12	6	1	0	0
f	092	30	12	3	3	4	0.5625	3	9	8	12	11	12	10	1	0	0
f	093	28	9	2	2	3	0.7692307692307693	4	11	12	8	9	9	13	1	0	0
f	094	24	9	1	2	1	0.5	3	7	6	14	13	15	7	1	0	0
f	095	24	8	1	4	4	0.46153846153846156	2	4	4	9	10	10	4	1	0	0
f	096	31	9	6	2	3	0.9375	4	10	10	8	8	17	19	1	0	5
f	097	42	6	0	6	7	0.8666666666666667	3	14	14	9	10	10	14	1	0	0
f	098	23	7	1	3	3	0.5	3	6	4	11	11	12	6	1	0	0
f	099	18	9	0	2	2	0.3333333333333333	2	5	4	11	8	9	5	1	0	0
g	000	39	1	0	7	7	0.6363636363636364	0	13	12	9	7	9	15	1	2	0
g	001	46	1	1	9	9	0.7142857142857143	1	12	13	9	12	10	15	1	1	0
g	002	38	3	0	6	10	0.7692307692307693	0	10	10	9	8	9	9	1	0	0
g	003	26	2	0	6	6	0.6666666666666666	1	5	7	6	7	6	9	1	1	0
g	004	42	2	2	8	9	0.9230769230769231	2	15	15	13	14	19	17	1	0	0
g	005	30	3	0	6	7	0.5833333333333334	1	6	9	8	7	10	11	1	1	1
g	006	35	2	0	7	7	0.7	1	10	9	7	8	4	10	1	1	0
g	007	33	3	0	5	6	0.5	1	8	10	11	13	13	10	1	1	0
g	008	24	5	0	3	7	0.6666666666666666	0	5	7	7	6	15	12	1	1	4
g	009	50	1	0	9	9	0.6428571428571429	0	9	14	11	13	8	10	1	1	0
g	010	45	2	0	6	9	0.6	0	11	12	12	13	17	13	1	1	1
g	011	40	4	0	7	8	0.6153846153846154	0	12	12	10	11	10	13	1	1	0
g	012	26	2	0	3	6	0.6	1	10	9	9	12	12	12	1	1	0
g	013	33	2	1	6	5	0.5	1	7	8	10	14	12	7	1	1	0
g	014	36	2	1	5	11	0.9230769230769231	1	13	14	3	5	17	29	1	1	10
g	015	60	5	0	3	14	0.9333333333333333	0	34	35	18	19	19	35	1	1	0
g	016	48	3	0	7	9	0.7142857142857143	0	16	15	12	13	12	16	1	1	0
g	017	33	2	0	7	7	0.6363636363636364	0	8	8	6	9	8	10	1	1	0
g	018	27	5	3	5	6	0.8333333333333334	1	8	9	7	7	13	14	1	1	2
g	019	23	4	1	5	4	0.7777777777777778	0	7	5	2	6	5	8	1	1	0
g	020	42	3	0	8	8	0.8333333333333334	0	11	13	8	8	7	12	1	1	0
g	021	37	1	1	8	9	0.7692307692307693	1	10	9	7	10	12	19	1	2	0
g	022	66	2	0	11	14	0.875	0	26	27	15	18	15	27	1	1	0
g	023	36	3	0	7	7	0.5714285714285714	1	8	9	12	14	14	12	1	1	0
g	024	21	6	1	4	4	0.5454545454545454	1	5	6	7	9	9	8	1	1	0
g	025	38	1	1	8	9	0.7692307692307693	1	9	10	7	10	13	18	1	1	4
g	026	30	5	0	4	8	0.6153846153846154	1	10	10	10	11	15	13	1	1	1
g	027	38	1	2	7	9	0.8461538461538461	1	12	11	7	10	15	22	1	1	4
g	028	33	4	0	5	7	0.4666666666666667	0	5	8	12	14	17	13	1	1	3
g	029	53	0	0	9	8	0.6666666666666666	0	8	8	8	12	0	0	1	1	0
g	030	47	2	0	9	9	0.6428571428571429	1	12	14	11	14	14	14	1	1	0
g	031	33	4	0	7	7	0.5833333333333334	1	7	8	6	8	9	10	1	1	2
g	032	30	4	1	5	6	0.5833333333333334	3	7	10	10	13	12	11	1	0	0
g	033	31	4	0	6	7	0.6363636363636364	1	9	9	7	8	5	11	1	1	0
g	034	36	2	0	6	7	0.5833333333333334	0	10	11	11	13	13	12	1	1	0
g	035	38	3	1	7	8	0.6428571428571429	1	10	12	12	11	12	17	1	1	1
g	036	38	2	0	7	6	0.5384615384615384	1	8	6	11	10	10	6	1	1	0
g	037	40	2	1	9	8	0.7692307692307693	0	9	10	8	9	8	13	1	1	1
g	038	31	3	1	6	6	0.6153846153846154	1	7	9	9	9	10	13	1	1	0
g	039	18	1	0	4	4	0.8333333333333334	0	5	4	3	3	1	4	1	1	0
g	040	48	3	0	8	9	0.6428571428571429	0	12	13	10	13	9	12	1	1	0
g	041	49	3	0	13	8	0.5	0	8	10	16	16	14	10	1	1	0
g	042	61	5	0	3	14	0.9333333333333333	0	35	36	18	19	19	36	1	1	0
g	043	45	4	1	7	10	0.8571428571428571	1	17	19	10	11	14	22	1	1	1
g	044	47	1	0	9	8	0.5333333333333333	1	6	10	14	15	13	7	1	1	0
g	045	31	4	0	5	6	0.42857142857142855	1	4	6	11	13	16	9	1	1	2
g	046	32	3	0	8	5	0.5833333333333334	0	4	6	9	10	10	5	1	1	1
g	047	40	3	0	4	10	0.6666666666666666	1	14	13	11	14	18	23	1	1	2
g	048	55	4	0	11	9	0.5625	0	13	16	17	18	14	14	1	1	0
g	049	26	0	1	6	6	0.875	1	8	5	3	5	3	7	1	1	0
g	050	34	4	0	5	6	0.4	0	6	6	15	16	18	9	1	1	1
g	051	30	3	0	5	6	0.5454545454545454	0	6	9	7	10	9	9	1	1	0
g	052	29	3	0	5	5	0.5454545454545454	0	6	8	9	10	10	7	1	1	0
g	053	61	1	0	12	12	0.8	0	16	19	13	14	12	17	1	1	0
g	054	43	3	0	8	8	0.5714285714285714	1	9	12	12	14	14	10	1	1	0
g	055	57	6	0	3	14	1.0	0	34	35	15	16	16	35	1	1	0
g	056	35	3	0	7	6	0.46153846153846156	1	5	7	12	13	10	5	1	1	0
g	057	22	3	1	4	4	0.5555555555555556	0	4	6	6	8	8	6	1	1	0
g	058	32	3	0	6	6	0.5	1	6	7	6	10	7	7	1	1	0
g	059	32	3	1	6	8	0.9090909090909091	2	12	14	7	10	12	18	1	0	2
g	060	42	1	0	8	8	0.7272727272727273	0	14	13	9	6	6	16	1	2	0
g	061	28	8	0	5	6	0.42857142857142855	1	7	7	10	13	14	10	1	1	0
g	062	40	1	1	7	7	0.7272727272727273	0	12	11	8	5	6	14	1	2	0
g	063	60	5	0	3	14	0.9333333333333333	0	34	35	18	19	19	35	1	1	0
g	064	80	0	0	12	9	0.6	0	12	10	9	13	0	0	1	1	0
g	065	30	2	1	5	7	1.0	1	9	8	3	5	2	9	1	1	0
g	066	39	4	0	7	9	0.75	1	15	15	7	9	7	17	1	1	0
g	067	35	3	0	9	7	0.5833333333333334	0	8	9	12	10	9	10	1	1	0
g	068	45	1	1	9	10	0.7857142857142857	1	10	10	8	10	16	17	1	2	2
g	069	51	4	0	7	11	0.7333333333333333	0	18	20	12	14	13	19	1	1	0
g	070	35	1	0	6	8	0.8	0	13	12	8	7	9	14	1	1	1
g	071	44	1	0	9	8	0.6923076923076923	0	6	7	8	9	7	6	1	1	0
g	072	25	2	1	6	5	0.6666666666666666	1	7	6	7	7	7	7	1	1	1
g	073	45	2	0	9	10	0.6666666666666666	2	11	11	14	15	20	18	1	1	4
g	074	40	1	0	7	8	0.6666666666666666	1	12	12	10	12	10	12	1	1	0
g	075	60	6	0	8	13	0.7647058823529411	1	24	27	13	15	14	27	1	1	0
g	076	33	3	0	4	7	0.5714285714285714	1	7	8	10	14	16	13	1	1	1
g	077	37	4	0	8	7	0.5	0	5	8	9	12	10	7	1	1	0
g	078	58	1	0	12	12	0.8	1	13	16	9	10	8	16	1	1	0
g	079	42	2	1	10	6	0.5833333333333334	0	8	6	6	10	5	1	1	1	0
g	080	25	5	1	5	5	0.6	1	8	7	8	9	7	8	1	1	0
g	081	61	2	0	10	12	0.75	0	20	20	13	15	14	18	1	1	0
g	082	41	2	0	9	8	0.6153846153846154	0	6	10	9	9	8	8	1	1	0
g	083	48	3	0	9	10	0.7692307692307693	0	13	16	10	14	12	15	1	1	0
g	084	34	4	0	6	7	0.6153846153846154	1	8	10	9	11	15	14	1	1	2
g	085	55	1	0	7	12	0.8571428571428571	1	20	21	9	12	10	21	1	2	0
g	086	33	2	0	5	6	0.46153846153846156	1	6	8	11	14	15	10	1	1	1
g	087	24	3	1	4	4	0.5	1	6	6	7	10	8	6	1	1	0
g	088	37	2	3	8	7	0.8333333333333334	1	12	9	7	9	10	13	1	1	2
g	089	45	2	0	5	9	0.6923076923076923	0	17	18	12	14	13	17	1	1	0
g	090	37	3	0	6	8	0.6153846153846154	0	8	11	11	11	12	10	1	1	0
g	091	53	1	1	13	8	0.6428571428571429	0	9	9	15	16	13	8	1	1	0
g	092	32	5	0	5	8	0.6153846153846154	1	10	10	7	10	14	14	1	1	2
g	093	24	4	3	4	4	0.6363636363636364	1	6	5	8	9	11	8	1	1	1
g	094	41	2	0	8	8	0.6153846153846154	0	8	10	9	10	9	9	1	1	0
g	095	29	5	0	6	6	0.6666666666666666	1	8	9	9	8	10	13	1	1	1
g	096	34	3	0	4	6	0.42857142857142855	1	8	8	14	16	18	10	1	1	1
g	097	42	2	0	8	9	0.6	1	10	10	11	14	16	18	1	1	1
g	098	35	3	0	7	6	0.5	1	5	6	10	11	9	4	1	1	0
g	099	94	0	0	13	11	0.6875	0	15	15	12	16	0	0	1	1	0
h	000	19	3	1	1	2	0.5	3	2	2	13	12	15	1	1	0	0
h	001	34	7	4	5	4	0.47058823529411764	3	5	4	24	22	22	4	1	1	0
h	002	24	6	1	3	2	0.46153846153846156	3	2	2	16	15	17	1	1	0	0
h	003	32	6	6	5	4	0.8571428571428571	2	6	5	15	15	15	6	1	0	1
h	004	28	5	3	3	2	0.5714285714285714	3	4	3	18	17	19	3	1	0	0
h	005	26	6	1	4	4	0.46153846153846156	3	3	2	17	14	15	1	1	0	0
h	006	22	6	3	2	2	0.5	3	4	3	15	14	15	3	1	0	0
h	007	28	6	4	4	3	0.75	3	7	4	15	13	13	4	1	0	0
h	008	23	9	3	2	3	0.42857142857142855	3	4	3	16	15	16	3	1	0	0
h	009	31	6	4	5	2	0.6	3	5	4	22	20	23	4	1	0	0
h	010	22	6	4	1	2	0.5	3	5	4	16	15	16	4	1	0	0
h	011	22	5	4	1	2	0.5	3	4	4	17	15	17	4	1	0	0
h	012	32	6	3	7	4	0.6	3	3	2	18	17	23	4	1	0	0
h	013	26	5	4	4	3	0.6153846153846154	2	4	3	16	14	17	4	1	0	1
h	014	28	4	0	7	3	0.5	2	3	2	16	14	12	0	1	0	0
h	015	28	8	4	3	3	0.4375	3	4	3	20	19	20	4	1	0	0
h	016	18	5	5	2	2	0.7	3	4	3	12	10	12	5	1	0	0
h	017	25	7	1	3	2	0.46153846153846156	3	4	2	16	14	15	1	1	0	0
h	018	19	4	1	3	4	0.6666666666666666	2	3	2	9	7	7	1	1	0	0
h	019	27	6	5	2	2	0.6923076923076923	3	7	5	17	15	17	5	1	0	0
h	020	25	7	3	2	2	0.4	3	3	2	20	18	21	3	1	0	0
h	021	27	8	4	1	2	0.4375	3	4	4	21	19	22	4	1	0	0
h	022	29	6	2	3	2	0.4	3	4	2	22	19	21	2	1	0	0
h	023	30	6	3	3	2	0.5714285714285714	3	6	3	19	17	18	3	1	0	0
h	024	31	5	2	5	4	0.6153846153846154	3	4	3	17	15	14	2	1	0	0
h	025	20	6	4	2	2	0.6363636363636364	3	4	3	13	10	13	4	1	0	0
h	026	20	5	3	2	3	0.5454545454545454	3	3	3	14	12	14	3	1	0	0
h	027	17	5	2	1	2	0.4	3	3	2	13	12	13	2	1	0	0
h	028	37	6	1	7	4	0.6	2	5	3	19	17	15	1	1	0	0
h	029	60	0	0	10	7	0.5333333333333333	0	5	5	21	20	0	0	1	0	0
h	030	29	6	3	5	3	0.6153846153846154	2	6	3	17	15	15	3	1	0	0
h	031	20	3	1	5	3	0.75	2	3	3	10	7	6	1	1	0	0
h	032	28	8	5	4	3	0.6	3	5	5	19	16	18	5	1	0	0
h	033	29	8	3	3	2	0.4375	3	5	3	21	20	21	3	1	0	0
h	034	44	5	3	7	6	0.875	3	5	5	17	14	15	3	1	0	0
h	035	22	4	1	2	2	0.45454545454545453	3	3	2	15	13	14	1	1	0	0
h	036	26	6	2	3	3	0.46153846153846156	3	4	2	17	15	15	2	1	0	0
h	037	20	5	2	1	3	0.5	3	1	2	14	12	16	2	1	0	1
h	038	24	5	5	2	2	0.5384615384615384	3	4	3	18	16	19	5	1	0	1
h	039	29	6	3	6	4	0.5714285714285714	2	4	4	17	16	15	3	1	0	0
h	040	18	6	2	1	2	0.45454545454545453	3	3	2	13	12	14	2	1	0	0
h	041	28	0	10	1	2	1.3333333333333333	4	10	10	15	15	16	10	1	0	0
h	042	20	4	2	3	3	0.6	3	4	2	13	12	13	2	1	0	0
h	043	24	7	4	2	2	0.6153846153846154	3	5	4	16	13	16	4	1	0	0
h	044	31	3	0	4	2	0.6666666666666666	3	4	3	17	15	16	0	1	0	0
h	045	23	6	5	1	2	0.5833333333333334	3	6	5	16	15	16	5	1	0	0
h	046	26	7	2	3	2	0.5384615384615384	3	5	2	16	14	15	2	1	0	0
h	047	39	8	6	5	5	0.8125	3	9	6	20	20	20	6	1	0	0
h	048	25	5	4	1	2	0.46153846153846156	3	5	4	19	18	19	4	1	0	0
h	049	26	6	2	3	2	0.42857142857142855	3	3	2	19	17	18	2	1	0	0
h	050	24	6	1	2	2	0.38461538461538464	3	3	2	17	15	16	1	1	0	0
h	051	29	7	3	2	2	0.4375	3	4	3	21	20	22	3	1	0	0
h	052	24	5	5	3	3	0.6666666666666666	3	5	3	16	15	17	5	1	0	0
h	053	26	6	3	4	3	0.5384615384615384	3	5	3	17	16	16	3	1	0	0
h	054	24	8	3	4	2	0.5384615384615384	1	4	2	15	14	15	3	1	0	1
h	055	24	6	2	3	3	0.5833333333333334	3	4	2	14	12	13	2	1	0	0
h	056	28	8	3	6	3	0.5333333333333333	2	3	3	16	15	16	3	1	0	0
h	057	25	6	4	2	3	0.5384615384615384	3	5	4	17	16	17	4	1	0	0
h	058	41	4	2	6	6	0.75	1	5	2	18	16	16	2	1	0	0
h	059	31	5	3	4	2	0.6428571428571429	3	5	3	18	16	17	3	1	0	0
h	060	27	7	2	5	3	0.42857142857142855	3	3	2	18	17	17	2	1	0	1
h	061	39	6	5	5	5	0.75	3	8	5	21	19	19	5	1	0	0
h	062	29	6	6	2	2	0.6428571428571429	3	7	6	20	17	19	6	1	0	0
h	063	35	6	3	6	4	0.6428571428571429	0	6	3	15	13	12	3	1	0	0
h	064	28	7	2	4	3	0.5	3	5	2	18	16	17	2	1	0	0
h	065	26	5	2	4	3	0.5833333333333334	3	5	2	16	14	15	2	1	0	0
h	066	36	8	7	6	4	0.8666666666666667	2	8	8	18	15	16	8	1	0	0
h	067	24	6	4	2	2	0.5833333333333334	3	6	4	16	15	16	4	1	0	0
h	068	67	0	0	11	8	0.6875	0	6	5	22	20	0	0	1	0	0
h	069	22	6	2	3	3	0.5	3	3	2	14	15	16	2	1	0	1
h	070	27	6	5	4	2	0.5714285714285714	2	4	4	18	17	18	5	1	0	1
h	071	33	3	6	4	3	0.6428571428571429	3	4	3	16	16	12	6	1	0	2
h	072	20	5	4	2	2	0.5454545454545454	3	4	2	14	13	14	4	1	0	0
h	073	28	6	4	3	2	0.6923076923076923	3	6	5	16	15	16	4	1	0	0
h	074	26	6	3	2	2	0.5384615384615384	3	5	3	17	16	17	3	1	0	0
h	075	26	5	3	3	2	0.5384615384615384	3	4	3	18	16	17	3	1	0	0
h	076	18	3	4	2	2	1.0	2	6	7	9	6	8	8	1	0	0
h	077	28	6	2	2	2	0.42857142857142855	3	5	2	19	18	18	2	1	0	0
h	078	27	8	5	3	1	0.7857142857142857	3	6	5	15	13	16	5	1	0	0
h	079	24	6	2	3	3	0.5833333333333334	3	4	2	14	12	13	2	1	0	0
h	080	20	4	3	4	2	0.6	2	3	3	14	11	12	3	1	0	0
h	081	22	7	2	2	2	0.5	3	4	2	14	12	13	2	1	0	0
h	082	40	4	3	6	5	0.75	2	6	2	19	18	17	3	1	0	0
h	083	26	7	5	2	2	0.5714285714285714	3	5	4	18	15	18	5	1	0	1
h	084	47	3	4	11	3	0.8666666666666667	0	7	5	21	20	15	4	1	0	0
h	085	28	7	7	1	2	0.6428571428571429	3	8	7	19	18	19	7	1	0	0
h	086	32	7	3	7	4	0.5	3	3	2	21	20	22	3	1	0	1
h	087	26	7	2	4	3	0.46153846153846156	3	4	2	16	14	13	2	1	0	0
h	088	25	5	3	4	3	0.5833333333333334	3	4	3	16	14	14	3	1	0	0
h	089	58	0	0	9	7	0.6	0	6	4	20	17	0	0	1	0	0
h	090	30	6	3	4	3	0.6428571428571429	3	5	4	17	16	17	3	1	0	0
h	091	24	7	1	2	3	0.35714285714285715	3	3	2	16	15	16	2	1	0	0
h	092	28	7	2	5	4	0.5	3	4	2	17	16	15	2	1	0	0
h	093	20	5	2	3	3	0.6	3	4	2	12	10	11	2	1	0	0
h	094	28	6	4	4	4	0.6153846153846154	3	6	4	17	16	15	4	1	0	0
h	095	27	7	4	3	2	0.6428571428571429	3	6	4	17	16	18	4	1	0	0
h	096	23	5	3	3	2	0.5833333333333334	3	4	2	17	14	18	3	1	0	0
h	097	31	6	5	8	3	0.7142857142857143	2	4	3	21	19	23	5	1	0	1
h	098	40	3	5	7	5	1.0	3	8	5	17	15	14	5	1	0	0
h	099	28	6	3	2	2	0.4	3	4	2	21	20	21	3	1	0	0
i	000	12	10	1	0	1	0.14285714285714285	1	2	3	10	11	10	2	2	0	0
i	001	9	9	0	0	1	0.08333333333333333	2	2	2	9	9	9	1	2	0	0
i	002	20	0	0	0	2	0.16666666666666666	2	4	4	10	10	0	2	2	0	0
i	003	12	12	0	0	1	0.07142857142857142	4	2	2	12	12	12	0	2	0	0
i	004	9	9	0	0	1	0.1	2	2	2	9	9	9	1	2	0	0
i	005	9	9	0	0	1	0.09090909090909091	4	2	2	9	9	9	0	2	0	0
i	006	6	6	0	0	1	0.1111111111111111	2	2	2	6	6	6	1	2	0	0
i	007	17	11	0	0	2	0.13333333333333333	2	2	3	13	14	11	0	2	0	0
i	008	9	9	0	0	1	0.07692307692307693	2	2	2	9	9	9	1	2	0	0
i	009	9	9	0	0	1	0.1	2	2	2	9	9	9	1	2	0	0
i	010	12	7	1	1	1	0.3333333333333333	1	4	3	8	8	8	3	2	0	0
i	011	15	15	0	0	1	0.058823529411764705	4	2	2	15	15	15	0	2	0	0
i	012	12	12	0	0	1	0.07692307692307693	2	2	2	12	12	12	1	2	0	0
i	013	9	9	0	0	1	0.1	2	2	2	9	9	9	1	2	0	0
i	014	13	13	0	0	1	0.0625	2	2	2	13	13	13	1	2	0	0
i	015	8	8	0	0	1	0.09090909090909091	2	2	2	8	8	8	1	2	0	0
i	016	11	11	0	0	1	0.07692307692307693	4	2	2	11	11	11	0	2	0	0
i	017	8	8	0	0	1	0.09090909090909091	2	2	2	8	8	8	1	2	0	0
i	018	15	9	0	0	2	0.14285714285714285	1	2	3	10	10	9	2	2	0	0
i	019	33	0	0	11	3	0.25	0	6	6	11	11	0	0	2	0	0
i	020	10	6	2	0	2	0.36363636363636365	1	2	3	7	6	6	2	2	0	0
i	021	12	12	0	0	1	0.06666666666666667	2	2	2	12	12	12	1	2	0	0
i	022	13	13	0	0	1	0.07142857142857142	2	2	2	13	13	13	1	2	0	0
i	023	9	9	0	0	1	0.1	2	2	2	9	9	9	1	2	0	0
i	024	6	6	0	0	1	0.1111111111111111	2	2	2	6	6	6	1	2	0	0
i	025	11	11	0	0	1	0.07142857142857142	2	2	2	11	11	11	1	2	0	0
i	026	13	13	0	0	1	0.07142857142857142	2	2	2	13	13	13	1	2	0	0
i	027	7	7	0	0	1	0.1111111111111111	2	2	2	7	7	7	1	2	0	0
i	028	10	10	0	0	1	0.08333333333333333	2	2	2	10	10	10	1	2	0	0
i	029	6	6	0	0	1	0.125	2	2	2	6	6	6	1	2	0	0
i	030	9	9	0	0	1	0.09090909090909091	2	2	2	9	9	9	1	2	0	0
i	031	16	0	0	0	2	0.2222222222222222	0	4	4	8	8	0	0	2	0	0
i	032	24	1	1	3	3	0.38461538461538464	0	5	4	8	9	1	1	2	0	0
i	033	10	10	0	0	1	0.09090909090909091	2	2	2	10	10	10	1	2	0	0
i	034	16	0	0	0	2	0.2	0	4	4	8	8	0	0	2	0	0
i	035	9	9	0	0	1	0.08333333333333333	2	2	2	9	9	9	1	2	0	0
i	036	9	9	0	0	1	0.08333333333333333	2	2	2	9	9	9	1	2	0	0
i	037	10	8	1	0	2	0.26666666666666666	2	2	2	8	8	8	1	2	0	0
i	038	14	8	0	0	2	0.3333333333333333	1	4	2	9	8	12	5	2	0	1
i	039	11	11	0	0	1	0.08333333333333333	2	2	2	11	11	11	1	2	0	0
i	040	10	8	1	0	1	0.18181818181818182	1	2	3	9	8	8	2	2	0	0
i	041	10	10	0	0	1	0.07692307692307693	2	2	2	10	10	10	1	2	0	0
i	042	8	6	1	0	1	0.2222222222222222	3	3	2	6	7	6	1	2	0	0
i	043	10	10	0	0	1	0.07692307692307693	2	2	2	10	10	10	1	2	0	0
i	044	13	13	0	0	1	0.07142857142857142	2	2	2	13	13	13	1	2	0	0
i	045	8	8	0	0	2	0.2	2	2	2	7	7	8	1	2	0	0
i	046	56	0	0	12	4	0.2222222222222222	0	4	4	12	12	0	0	2	0	0
i	047	11	11	0	0	1	0.07692307692307693	4	2	2	11	11	11	0	2	0	0
i	048	18	0	0	0	2	0.18181818181818182	2	4	4	9	9	0	2	2	0	0
i	049	13	13	0	0	1	0.06666666666666667	2	2	2	13	13	13	1	2	0	0
i	050	14	12	0	0	2	0.14285714285714285	2	2	2	12	12	12	1	2	0	0
i	051	9	9	0	0	1	0.1	2	2	2	9	9	9	1	2	0	0
i	052	9	9	0	0	1	0.09090909090909091	2	2	2	9	9	9	1	2	0	0
i	053	32	0	0	0	4	0.2222222222222222	0	4	4	20	20	24	8	2	2	0
i	054	30	0	0	2	2	0.2857142857142857	0	6	6	13	13	0	0	2	0	0
i	055	27	0	0	9	3	0.3	0	6	6	9	9	0	0	2	0	0
i	056	12	12	0	0	1	0.07142857142857142	2	2	2	12	12	12	1	2	0	0
i	057	10	10	0	0	1	0.08333333333333333	4	2	2	10	10	10	0	2	0	0
i	058	8	8	0	0	1	0.1	2	2	2	8	8	8	1	2	0	0
i	059	28	0	0	2	3	0.2857142857142857	0	4	4	11	11	0	0	2	0	0
i	060	9	9	0	0	1	0.09090909090909091	2	2	2	9	9	9	1	2	0	0
i	061	14	8	2	0	2	0.4166666666666667	2	3	3	9	8	12	4	2	0	1
i	062	8	8	0	0	1	0.1111111111111111	2	2	2	8	8	8	1	2	0	0
i	063	7	7	1	0	1	0.2	2	2	2	6	6	7	2	2	0	0
i	064	11	6	1	1	1	0.3333333333333333	2	3	4	7	6	8	5	2	0	0
i	065	6	6	0	0	1	0.14285714285714285	2	2	2	6	6	6	1	2	0	0
i	066	16	12	3	1	1	0.2857142857142857	2	4	5	13	12	12	4	2	0	0
i	067	10	10	0	0	1	0.08333333333333333	4	2	2	10	10	10	0	2	0	0
i	068	13	13	0	0	1	0.07142857142857142	2	2	2	13	13	13	1	2	0	0
i	069	22	8	0	0	2	0.11764705882352941	0	4	4	13	15	8	0	2	0	0
i	070	13	11	0	0	2	0.15384615384615385	2	2	2	11	11	11	1	2	0	0
i	071	11	9	0	0	1	0.16666666666666666	1	2	2	9	9	9	1	2	0	0
i	072	14	8	0	0	2	0.16666666666666666	2	3	3	10	10	8	0	2	0	0
i	073	14	5	1	1	2	0.4	1	4	5	8	8	7	1	2	0	0
i	074	9	9	0	0	1	0.1	2	2	2	9	9	9	1	2	0	0
i	075	9	9	0	0	1	0.1	2	2	2	9	9	9	1	2	0	0
i	076	10	10	0	0	1	0.08333333333333333	4	2	2	10	10	10	0	2	0	0
i	077	10	10	0	0	1	0.08333333333333333	2	2	2	10	10	10	1	2	0	0
i	078	15	8	0	1	2	0.2857142857142857	1	3	3	9	9	8	1	2	0	0
i	079	8	8	0	0	1	0.1111111111111111	2	2	2	8	8	8	1	2	0	0
i	080	12	12	0	0	1	0.07142857142857142	2	2	2	12	12	12	1	2	0	0
i	081	13	7	0	0	1	0.23076923076923078	1	4	2	10	7	9	4	2	0	0
i	082	11	11	0	0	1	0.07692307692307693	2	2	2	11	11	11	1	2	0	0
i	083	15	11	0	0	1	0.14285714285714285	2	3	3	13	13	11	0	2	0	0
i	084	12	12	0	0	1	0.06666666666666667	2	2	2	12	12	12	1	2	0	0
i	085	14	12	0	0	2	0.13333333333333333	2	2	2	12	12	12	1	2	0	0
i	086	12	12	0	0	1	0.07692307692307693	2	2	2	12	12	12	1	2	0	0
i	087	30	0	0	10	3	0.2727272727272727	0	6	6	10	10	0	0	2	0	0
i	088	13	11	0	0	1	0.15384615384615385	2	3	2	10	11	11	2	2	0	0
i	089	13	13	0	0	1	0.06666666666666667	4	2	2	13	13	13	0	2	0	0
i	090	13	13	0	0	1	0.07142857142857142	2	2	2	13	13	13	1	2	0	0
i	091	5	5	0	0	1	0.14285714285714285	2	2	2	5	5	5	1	2	0	0
i	092	28	0	0	0	2	0.125	0	4	4	14	14	0	0	2	0	0
i	093	8	6	0	0	2	0.25	2	2	2	6	6	6	1	2	0	0
i	094	9	9	0	0	1	0.09090909090909091	2	2	2	9	9	9	1	2	0	0
i	095	18	0	0	0	2	0.2	0	4	4	9	9	0	0	2	0	0
i	096	13	13	0	0	1	0.06666666666666667	2	2	2	13	13	13	1	2	0	0
i	097	11	11	0	0	1	0.06666666666666667	2	2	2	11	11	11	1	2	0	0
i	098	22	0	0	0	2	0.15384615384615385	0	4	4	11	11	0	0	2	0	0
i	099	8	8	0	0	1	0.1111111111111111	2	2	2	8	8	8	1	2	0	0
j	000	10	4	1	0	2	0.4	1	2	3	4	5	4	2	2	0	0
j	001	11	6	2	1	2	0.4444444444444444	2	3	4	6	7	6	3	2	0	0
j	002	14	8	1	0	1	0.5	1	2	3	6	7	8	2	2	0	0
j	003	18	8	2	3	2	0.5	1	3	5	10	10	10	3	2	0	0
j	004	22	8	1	2	2	0.5714285714285714	1	4	4	9	9	9	2	2	0	0
j	005	12	6	3	0	2	0.5	2	3	3	7	7	8	4	2	0	0
j	006	44	0	0	4	5	0.5625	0	7	7	13	13	0	0	2	0	0
j	007	18	10	1	2	1	0.26666666666666666	3	3	4	13	13	13	1	2	0	0
j	008	17	9	5	2	2	0.5384615384615384	2	4	4	9	9	12	6	2	0	1
j	009	18	3	0	3	2	0.45454545454545453	2	5	5	9	11	10	5	2	0	0
j	010	20	6	3	2	2	0.5	0	6	6	8	10	6	4	2	0	0
j	011	9	4	1	1	1	0.42857142857142855	1	3	3	4	6	4	2	2	0	0
j	012	36	0	0	5	6	0.4666666666666667	1	7	10	14	11	11	6	2	0	0
j	013	17	5	3	2	2	0.6	2	4	6	10	10	10	4	2	0	0
j	014	22	4	2	2	3	0.5	1	6	6	8	10	9	6	2	0	1
j	015	16	7	2	2	2	0.4166666666666667	4	3	5	10	10	10	2	2	0	0
j	016	28	3	0	5	5	0.46153846153846156	0	4	8	11	11	12	5	2	0	0
j	017	18	10	5	1	1	0.5384615384615384	2	6	7	10	11	10	6	2	0	0
j	018	19	10	2	2	3	0.35714285714285715	2	3	5	13	13	13	3	2	0	0
j	019	15	6	3	2	1	0.5	1	3	5	8	8	8	4	2	0	0
j	020	25	7	2	4	3	0.5714285714285714	3	7	7	11	12	13	6	2	0	0
j	021	17	7	2	2	2	0.46153846153846156	2	3	4	11	10	12	3	2	0	0
j	022	19	9	1	2	3	0.35714285714285715	2	3	4	12	12	12	2	2	0	0
j	023	19	5	3	1	2	0.42857142857142855	2	4	5	14	13	15	4	2	0	0
j	024	16	9	3	1	1	0.38461538461538464	1	4	6	11	11	11	4	2	0	0
j	025	16	8	4	1	1	0.5	2	5	5	11	11	12	5	2	0	0
j	026	19	6	3	3	2	0.5833333333333334	1	4	5	9	10	9	4	2	0	0
j	027	14	6	3	1	2	0.4166666666666667	2	4	5	10	9	10	4	2	0	0
j	028	13	5	1	0	2	0.4	2	3	3	9	10	11	2	2	0	0
j	029	13	6	2	2	1	0.5	1	3	5	7	7	7	3	2	0	0
j	030	15	6	3	1	2	0.4166666666666667	2	4	6	10	10	10	4	2	0	0
j	031	15	8	3	1	1	0.45454545454545453	1	4	6	10	10	10	4	2	0	0
j	032	22	9	4	2	3	0.6666666666666666	1	5	7	9	9	10	5	2	0	0
j	033	13	8	2	1	2	0.4166666666666667	1	3	4	8	7	10	5	2	0	1
j	034	11	8	2	1	1	0.4	2	4	3	7	8	8	3	2	0	0
j	035	18	9	2	2	2	0.46153846153846156	1	3	4	9	9	10	3	2	0	0
j	036	16	7	2	1	1	0.38461538461538464	1	5	4	10	11	11	5	2	0	0
j	037	23	7	5	3	2	0.7142857142857143	0	6	7	9	10	9	6	2	0	0
j	038	17	4	2	1	2	0.5	2	4	5	10	9	10	3	2	0	1
j	039	17	6	3	3	2	0.5833333333333334	1	4	6	8	8	8	4	2	0	0
j	040	16	9	1	1	2	0.35714285714285715	2	4	4	10	10	13	5	2	0	0
j	041	18	8	1	1	5	0.42857142857142855	2	4	5	9	10	14	5	2	0	0
j	042	20	4	6	3	2	0.7142857142857143	2	4	5	8	9	12	7	2	0	3
j	043	19	11	3	2	1	0.42857142857142855	1	4	5	11	12	11	4	2	0	0
j	044	13	8	2	1	1	0.36363636363636365	1	3	4	10	9	10	3	2	0	0
j	045	35	2	1	3	6	0.6923076923076923	2	14	12	9	9	17	21	2	2	4
j	046	26	7	2	3	4	0.5	2	8	10	13	13	13	6	2	0	0
j	047	14	8	3	2	1	0.45454545454545453	2	3	4	8	9	9	4	2	0	0
j	048	15	9	5	1	2	0.5384615384615384	2	5	6	8	9	9	6	2	0	0
j	049	22	8	2	2	1	0.5	1	4	6	12	12	10	2	2	0	0
j	050	17	8	2	2	2	0.46153846153846156	1	3	5	9	9	11	3	2	0	0
j	051	42	0	1	4	5	0.6428571428571429	0	7	9	10	10	0	2	2	0	0
j	052	19	8	2	2	2	0.42857142857142855	2	4	4	12	11	12	3	2	0	0
j	053	30	0	0	4	4	0.6363636363636364	2	6	6	8	8	0	2	2	0	0
j	054	18	11	4	1	3	0.4666666666666667	2	4	4	10	10	15	6	2	0	1
j	055	17	9	4	1	2	0.5	2	5	6	8	9	9	5	2	0	0
j	056	15	7	4	1	2	0.6363636363636364	2	5	5	7	7	7	5	2	0	0
j	057	17	7	2	2	1	0.5	1	3	5	9	9	9	3	2	0	0
j	058	14	6	3	2	2	0.6	2	3	4	6	7	7	4	2	0	0
j	059	32	0	1	10	3	0.45454545454545453	2	6	7	8	9	0	4	2	0	0
j	060	17	7	2	3	2	0.5454545454545454	1	4	4	8	9	8	3	2	0	0
j	061	18	7	2	2	1	0.46153846153846156	2	3	4	10	10	11	3	2	0	0
j	062	15	12	1	1	2	0.25	2	4	4	11	11	12	4	2	0	0
j	063	28	0	0	3	3	0.3076923076923077	0	4	5	10	11	0	0	2	0	0
j	064	10	7	2	1	1	0.4	1	4	2	6	6	7	3	2	0	0
j	065	15	7	3	2	1	0.5454545454545454	1	4	6	8	8	8	4	2	0	0
j	066	25	6	3	5	3	0.5714285714285714	1	8	7	11	12	10	5	2	0	0
j	067	26	6	1	4	3	0.5	1	6	6	10	11	8	3	2	0	0
j	068	14	9	3	1	2	0.38461538461538464	4	4	4	9	9	11	4	2	0	0
j	069	14	10	2	0	1	0.3076923076923077	2	3	2	10	10	12	3	2	0	0
j	070	19	10	3	3	2	0.42857142857142855	1	5	4	12	12	12	4	2	0	0
j	071	35	0	0	3	2	0.4	0	6	6	13	13	1	0	2	0	0
j	072	20	6	2	3	1	0.7272727272727273	1	4	5	8	8	8	3	2	0	0
j	073	22	6	4	2	2	0.6428571428571429	4	9	7	9	10	12	11	2	0	0
j	074	16	5	1	3	3	0.4166666666666667	2	3	4	9	9	9	2	2	0	0
j	075	15	6	2	1	2	0.36363636363636365	2	3	4	11	12	12	3	2	0	0
j	076	38	3	0	5	6	0.7857142857142857	0	7	7	9	11	4	0	2	0	0
j	077	19	11	1	2	1	0.26666666666666666	3	3	4	14	14	14	1	2	0	0
j	078	20	11	2	2	3	0.3333333333333333	2	3	5	14	14	14	3	2	0	0
j	079	18	5	2	2	2	0.45454545454545453	2	3	5	12	12	12	3	2	0	0
j	080	23	6	2	3	4	0.5384615384615384	2	5	6	10	10	9	2	2	0	0
j	081	29	5	1	4	6	0.5	2	6	6	11	11	12	3	2	0	0
j	082	22	9	2	3	3	0.5	2	3	5	12	12	12	3	2	0	0
j	083	17	10	2	1	3	0.3333333333333333	2	3	4	10	11	10	3	2	0	0
j	084	14	8	0	0	2	0.16666666666666666	1	4	3	9	10	8	2	2	0	0
j	085	15	9	3	0	1	0.35714285714285715	4	3	2	11	11	15	3	2	0	1
j	086	41	1	0	5	7	0.7857142857142857	0	16	18	12	12	19	23	2	2	2
j	087	18	7	2	3	1	0.6363636363636364	1	3	5	8	8	8	3	2	0	0
j	088	15	9	5	1	1	0.46153846153846156	2	5	5	10	10	11	6	2	0	0
j	089	18	6	3	2	3	0.5	1	4	6	9	9	9	4	2	0	0
j	090	17	9	0	1	1	0.2857142857142857	1	3	3	11	11	11	1	2	0	0
j	091	15	8	2	1	2	0.4166666666666667	2	3	4	8	9	8	3	2	0	0
j	092	41	0	0	5	7	0.4666666666666667	0	6	4	13	13	0	0	2	0	0
j	093	20	9	4	2	2	0.6153846153846154	2	7	7	8	10	11	8	2	0	0
j	094	18	5	1	3	1	0.5454545454545454	1	4	5	8	9	8	2	2	0	0
j	095	13	7	3	1	1	0.45454545454545453	2	4	4	7	8	7	4	2	0	0
j	096	24	6	2	2	2	0.5714285714285714	0	5	6	9	9	8	2	2	0	0
j	097	17	5	2	2	2	0.6	2	3	5	9	9	9	3	2	0	0
j	098	18	5	6	1	2	0.75	4	7	7	9	9	11	8	2	0	1
j	099	16	5	0	2	1	0.45454545454545453	1	3	3	8	8	8	1	2	0	0
sad	000	36	3	4	6	7	1.0	4	14	12	13	13	7	7	4	0	0
sad	001	19	2	5	2	3	1.0	6	11	9	8	8	8	7	4	0	0
sad	002	23	3	9	3	3	1.0909090909090908	6	11	12	11	10	10	10	4	0	0
sad	003	16	1	1	2	1	0.7	2	4	5	6	7	8	4	3	0	0
sad	004	38	0	5	6	6	1.0	1	17	15	11	11	3	10	4	0	0
sad	005	15	1	1	3	2	0.75	1	7	5	7	7	7	5	4	0	0
sad	006	32	1	3	4	4	1.0714285714285714	6	10	7	10	9	26	21	4	0	8
sad	007	29	4	2	4	5	0.7857142857142857	6	12	13	10	10	10	11	4	0	1
sad	008	29	0	8	5	6	1.0	2	14	14	8	8	3	13	4	0	1
sad	009	32	1	1	5	5	0.9166666666666666	1	15	15	8	9	3	9	4	0	0
sad	010	19	2	6	2	2	0.7857142857142857	2	10	8	8	8	8	8	4	0	0
sad	011	31	1	2	4	8	0.7692307692307693	11	9	10	14	14	25	17	4	0	2
sad	012	32	4	3	5	6	0.6875	2	13	9	10	12	7	7	4	0	0
sad	013	33	0	6	7	6	1.0	1	14	14	9	9	2	11	4	0	1
sad	014	24	3	3	5	3	1.0	3	11	10	8	9	4	5	4	0	0
sad	015	25	4	6	3	3	0.9166666666666666	7	11	9	13	13	13	8	4	0	0
sad	016	38	0	4	6	9	1.0833333333333333	2	17	17	11	11	6	10	4	0	0
sad	017	18	2	3	2	1	1.0	8	11	11	7	7	8	12	4	0	2
sad	018	39	1	1	7	7	1.0769230769230769	2	11	14	10	9	10	15	4	2	3
sad	019	22	3	8	3	1	1.1666666666666667	4	11	10	6	5	9	12	4	0	2
sad	020	23	2	3	3	5	0.8333333333333334	4	13	10	10	9	9	9	4	0	0
sad	021	30	2	5	4	7	0.9285714285714286	4	12	12	13	13	13	9	4	0	2
sad	022	22	0	6	2	3	1.2	8	12	11	10	11	11	11	4	0	0
sad	023	29	3	3	6	3	0.8571428571428571	1	10	9	8	11	5	6	4	0	0
sad	024	19	2	6	2	3	1.0	4	12	10	5	7	8	13	4	0	2
sad	025	24	4	3	4	3	0.8461538461538461	3	11	9	10	10	6	4	4	0	0
sad	026	32	2	6	4	6	0.9285714285714286	8	11	11	19	19	21	9	4	0	0
sad	027	20	1	5	2	3	0.9090909090909091	6	8	9	10	11	11	8	4	0	0
sad	028	25	4	4	4	3	0.9230769230769231	3	13	11	10	10	7	6	4	0	0
sad	029	16	1	8	2	0	1.0	4	11	11	4	4	6	16	4	0	2
sad	030	34	0	5	6	6	1.1538461538461537	0	15	15	8	8	0	10	4	0	0
sad	031	25	2	5	5	4	1.0	6	13	11	7	7	5	10	4	0	0
sad	032	22	1	6	3	4	1.0	6	9	8	9	10	11	7	3	0	0
sad	033	36	4	4	6	5	1.0	2	15	13	12	12	6	8	4	0	0
sad	034	34	0	1	8	8	0.7692307692307693	1	13	13	13	13	6	6	4	0	0
sad	035	37	4	4	6	7	1.0	2	15	14	12	11	7	10	4	0	1
sad	036	42	2	2	7	8	0.9285714285714286	1	15	13	10	10	5	7	4	1	0
sad	037	30	0	2	6	5	1.0	0	14	15	9	8	2	9	4	0	0
sad	038	39	2	4	5	7	1.0	5	7	6	9	9	28	21	4	2	7
sad	039	39	0	5	6	8	1.0833333333333333	0	17	15	9	9	0	9	4	0	0
sad	040	17	4	6	4	1	0.9166666666666666	1	9	8	5	6	7	11	4	0	1
sad	041	15	2	4	3	1	0.9	4	9	9	5	5	5	11	4	0	0
sad	042	25	2	3	4	5	0.7857142857142857	2	11	10	7	6	6	11	4	0	2
sad	043	36	2	5	7	5	1.0	2	12	12	12	12	3	7	4	0	0
sad	044	28	2	5	5	5	1.0	3	10	10	10	10	12	10	4	0	3
sad	045	25	4	5	3	3	0.8461538461538461	8	8	7	12	13	15	7	4	0	1
sad	046	29	3	10	5	5	1.3636363636363635	4	11	13	10	8	9	14	4	0	2
sad	047	25	1	1	5	3	0.6428571428571429	2	9	5	10	10	9	5	4	0	0
sad	048	90	0	0	14	12	0.7058823529411765	1	22	20	19	19	4	6	4	1	0
sad	049	25	3	6	5	5	1.0909090909090908	3	13	13	8	8	3	10	4	0	0
sad	050	53	1	2	7	10	1.1666666666666667	1	16	14	12	9	4	10	4	0	1
sad	051	17	3	4	3	3	0.9090909090909091	1	8	6	6	6	6	6	4	0	0
sad	052	22	1	2	4	2	1.0	2	10	8	9	9	5	4	4	0	0
sad	053	15	1	5	1	2	0.8181818181818182	2	6	6	7	7	11	9	3	0	3
sad	054	39	4	4	6	7	0.9375	4	10	10	9	9	22	23	4	3	4
sad	055	35	0	2	6	10	1.0833333333333333	1	17	17	7	7	3	11	4	0	2
sad	056	34	1	3	6	5	0.9166666666666666	4	9	9	17	17	10	4	4	0	0
sad	057	45	5	5	7	5	1.0	1	13	11	12	10	9	10	4	0	0
sad	058	39	3	3	7	7	0.8461538461538461	1	14	10	12	12	6	8	4	0	0
sad	059	30	3	2	6	4	0.9230769230769231	1	13	12	9	9	4	7	4	0	0
sad	060	25	2	3	5	4	0.9090909090909091	2	11	9	7	7	4	9	4	0	0
sad	061	24	2	5	2	4	0.8333333333333334	7	8	8	14	14	17	6	4	0	1
sad	062	20	1	4	5	4	1.0	1	6	6	6	6	6	6	3	0	0
sad	063	16	5	6	2	0	1.0	1	11	10	4	5	5	12	4	0	0
sad	064	26	4	7	5	5	1.0833333333333333	3	14	14	9	9	5	11	4	0	0
sad	065	16	2	4	4	2	1.0	1	7	5	6	6	7	7	3	0	0
sad	066	35	0	5	6	6	1.0	1	13	15	11	11	3	9	4	0	0
sad	067	30	0	6	4	6	1.0	0	16	16	11	11	4	10	4	0	0
sad	068	74	2	1	13	15	0.9411764705882353	1	21	25	13	15	11	17	4	3	0
sad	069	26	3	9	2	4	1.0	8	13	12	13	12	14	10	4	0	1
sad	070	64	2	0	10	10	1.0	1	16	15	9	14	4	3	4	0	0
sad	071	25	5	3	4	4	0.7857142857142857	0	7	6	10	9	9	5	4	0	0
sad	072	18	1	4	2	3	0.9	6	8	9	9	8	9	8	4	0	0
sad	073	28	2	5	5	6	0.9166666666666666	3	15	13	11	11	6	8	4	0	0
sad	074	37	0	1	6	7	0.9166666666666666	0	15	14	9	8	2	6	4	0	0
sad	075	33	1	4	3	8	0.9230769230769231	2	17	16	14	15	9	10	4	0	0
sad	076	22	0	2	2	4	0.9090909090909091	8	12	10	9	9	8	8	4	0	0
sad	077	36	2	1	6	9	0.9230769230769231	2	13	10	10	9	6	5	4	0	0
sad	078	28	2	9	5	5	0.9333333333333333	3	10	11	11	10	12	10	4	0	3
sad	079	39	3	5	7	6	1.1666666666666667	3	14	14	15	11	8	10	4	0	0
sad	080	45	1	3	8	9	0.9230769230769231	0	17	13	10	10	3	6	4	0	0
sad	081	15	1	5	1	0	1.0	2	7	7	6	6	11	11	4	0	3
sad	082	29	1	3	7	5	0.7692307692307693	0	10	11	9	10	3	7	4	0	0
sad	083	20	0	4	2	2	1.0	6	9	10	8	9	10	8	4	0	2
sad	084	10	1	3	1	1	0.75	1	6	8	4	4	3	6	4	0	0
sad	085	25	1	5	1	3	0.7692307692307693	6	11	12	15	14	15	9	4	0	0
sad	086	27	3	6	3	4	0.7333333333333333	6	10	8	15	15	18	9	4	0	0
sad	087	16	4	2	2	0	0.75	0	8	6	5	5	5	6	4	0	0
sad	088	38	2	5	5	7	0.9333333333333333	0	18	15	13	13	6	11	4	0	0
sad	089	36	2	2	7	7	0.9230769230769231	4	10	8	17	17	7	3	4	0	0
sad	090	49	3	3	7	7	0.8571428571428571	4	12	11	19	18	10	4	4	0	0
sad	091	73	0	1	11	13	1.125	0	27	30	19	18	15	23	6	3	0
sad	092	30	0	2	5	6	1.0909090909090908	0	14	12	8	8	2	6	4	0	0
sad	093	29	3	1	5	6	0.6923076923076923	4	9	8	15	15	9	2	4	0	0
sad	094	23	6	4	4	2	0.8333333333333334	3	8	8	10	9	9	7	4	0	0
sad	095	34	2	6	7	5	1.25	3	12	12	12	10	8	9	4	0	0
sad	096	48	2	0	8	7	0.7692307692307693	2	15	11	14	14	2	0	4	0	0
sad	097	30	2	3	4	7	1.0	2	16	15	8	7	4	8	4	0	0
sad	098	41	2	5	5	8	0.9375	4	7	6	11	12	27	16	4	3	3
sad	099	16	0	3	2	3	0.7272727272727273	6	5	5	9	9	11	4	3	0	0
smiley	000	44	1	6	8	8	1.0769230769230769	3	15	13	15	17	14	8	4	0	1
smiley	001	62	0	0	12	10	0.9285714285714286	1	14	18	14	13	5	6	4	0	0
smiley	002	24	1	4	4	4	1.125	2	10	12	9	9	5	6	4	0	0
smiley	003	36	0	1	7	8	0.8333333333333334	2	12	11	11	11	6	7	4	0	2
smiley	004	40	1	3	7	8	1.0	2	12	14	11	11	6	8	4	0	0
smiley	005	39	2	4	6	9	1.0666666666666667	2	12	13	13	12	23	17	4	2	2
smiley	006	33	0	5	5	7	1.0833333333333333	3	14	16	8	8	3	12	4	0	0
smiley	007	17	2	7	2	1	1.1	2	9	9	6	6	9	12	4	0	2
smiley	008	26	1	8	3	6	1.2727272727272727	2	13	13	7	7	7	14	4	0	5
smiley	009	15	4	4	2	1	0.8888888888888888	2	7	9	7	5	7	9	4	0	0
smiley	010	31	1	0	5	5	1.0	1	13	16	7	9	3	10	4	0	0
smiley	011	59	1	1	10	9	1.1538461538461537	0	16	19	8	11	2	3	4	0	0
smiley	012	25	0	3	5	5	1.1	2	6	8	9	9	9	6	3	0	0
smiley	013	22	0	6	4	4	0.9166666666666666	5	8	8	9	11	10	8	3	0	0
smiley	014	45	1	1	6	9	1.1538461538461537	2	14	12	10	12	12	9	4	0	1
smiley	015	22	3	6	2	3	0.9166666666666666	7	9	9	11	11	14	7	4	0	1
smiley	016	44	0	0	7	8	1.0909090909090908	1	15	16	12	11	2	0	4	0	0
smiley	017	32	2	6	6	6	1.1818181818181819	2	13	13	11	11	6	9	4	0	0
smiley	018	25	3	8	4	3	1.2727272727272727	7	10	10	9	9	11	10	4	0	1
smiley	019	35	3	8	4	7	1.0666666666666667	4	13	15	14	16	16	12	4	0	3
smiley	020	22	2	5	3	1	0.9285714285714286	1	9	9	8	7	10	11	4	0	1
smiley	021	19	1	5	2	3	1.0	4	8	8	10	10	14	10	4	0	3
smiley	022	25	1	4	4	5	1.2	4	13	13	9	9	7	13	4	0	1
smiley	023	23	0	7	3	2	1.4	8	14	12	4	4	6	17	4	0	4
smiley	024	28	0	4	4	6	1.5	2	16	14	9	9	10	12	4	0	0
smiley	025	64	0	1	12	12	0.9285714285714286	2	19	19	14	18	16	16	4	2	1
smiley	026	37	0	4	7	7	1.0	1	12	14	12	10	4	10	4	0	1
smiley	027	32	4	3	6	5	1.0833333333333333	2	11	12	11	10	7	6	4	0	0
smiley	028	24	2	8	3	2	1.0769230769230769	1	11	12	10	9	12	13	4	0	1
smiley	029	62	0	1	10	12	1.1538461538461537	2	22	22	13	13	5	9	4	0	0
smiley	030	20	1	6	4	4	1.0	2	12	12	6	6	4	12	4	0	2
smiley	031	50	0	0	8	10	1.0833333333333333	0	20	20	10	10	0	2	4	0	0
smiley	032	25	3	4	4	4	0.9166666666666666	2	11	13	9	9	5	6	4	0	0
smiley	033	23	0	5	4	2	1.4444444444444444	1	9	10	6	7	8	9	4	0	0
smiley	034	29	0	5	4	2	1.7777777777777777	0	11	13	7	7	7	11	4	0	0
smiley	035	33	0	2	7	7	1.3	2	12	13	8	9	7	8	4	0	2
smiley	036	21	0	5	2	2	0.8181818181818182	2	7	7	13	13	17	10	4	0	3
smiley	037	31	3	5	6	5	1.4	4	13	15	7	9	8	17	4	0	0
smiley	038	42	0	6	7	7	1.0	4	12	13	16	15	14	8	4	0	1
smiley	039	33	4	3	4	4	0.7333333333333333	7	7	10	17	18	19	6	4	0	1
smiley	040	60	2	0	9	10	1.2307692307692308	0	18	18	10	10	2	2	4	0	0
smiley	041	39	5	5	5	8	1.0	2	15	18	10	11	8	10	4	0	0
smiley	042	21	2	5	2	4	0.8461538461538461	2	8	9	7	7	8	8	4	0	0
smiley	043	22	5	6	4	1	1.1818181818181819	1	8	10	6	6	6	9	4	0	0
smiley	044	47	2	3	9	10	1.2307692307692308	3	14	14	12	12	17	24	4	4	2
smiley	045	35	1	6	8	7	1.0769230769230769	3	12	13	12	13	6	10	4	0	0
smiley	046	26	3	7	5	5	1.3	3	12	13	8	9	6	11	4	0	1
smiley	047	32	2	5	6	5	0.7692307692307693	4	11	11	15	15	6	6	4	0	0
smiley	048	25	2	2	4	3	0.7	8	6	8	16	16	16	3	4	0	0
smiley	049	34	2	2	6	5	0.9230769230769231	1	10	11	10	11	5	3	4	0	0
smiley	050	30	0	0	4	8	0.8	0	8	8	6	6	6	4	4	0	0
smiley	051	27	2	4	5	5	0.9090909090909091	3	11	11	11	11	7	8	4	0	1
smiley	052	26	2	3	5	3	1.0909090909090908	2	9	11	8	8	4	4	4	0	0
smiley	053	31	1	4	6	5	1.3	2	12	12	11	11	8	9	4	0	2
smiley	054	21	2	9	2	2	1.0	6	8	8	9	9	15	13	4	0	4
smiley	055	14	4	4	2	1	0.8	8	9	7	6	6	5	8	4	0	0
smiley	056	23	3	4	4	4	0.9	4	10	11	12	11	8	6	4	0	0
smiley	057	30	1	7	4	4	1.1538461538461537	8	9	9	13	14	20	12	4	0	3
smiley	058	36	0	1	10	7	1.0909090909090908	1	10	11	13	14	8	6	4	0	1
smiley	059	41	0	6	4	6	1.0714285714285714	6	13	14	19	20	17	10	4	0	1
smiley	060	20	2	4	3	2	1.0	1	8	10	6	6	6	9	4	0	0
smiley	061	30	3	3	5	7	1.0	4	11	13	11	11	7	7	4	0	0
smiley	062	32	0	2	6	7	1.0909090909090908	1	12	14	10	10	4	6	4	0	0
smiley	063	79	0	1	13	14	1.0666666666666667	2	22	21	14	13	7	12	4	0	0
smiley	064	30	0	8	5	5	1.2727272727272727	7	10	9	16	17	21	11	4	0	3
smiley	065	19	3	6	2	3	1.0	7	9	9	9	9	9	7	4	0	0
smiley	066	25	2	3	4	6	1.0	4	11	11	11	11	9	6	4	0	0
smiley	067	28	1	6	5	3	1.6666666666666667	1	11	13	8	8	8	11	4	0	0
smiley	068	26	1	4	4	6	0.9166666666666666	4	9	9	11	11	11	8	4	0	2
smiley	069	14	1	5	2	1	0.8888888888888888	2	7	8	7	6	8	10	4	0	1
smiley	070	35	2	3	6	6	1.1666666666666667	4	13	12	11	12	10	5	4	0	1
smiley	071	27	4	4	5	7	0.9166666666666666	4	12	12	9	9	8	11	4	0	3
smiley	072	19	0	5	4	4	1.25	0	7	7	5	5	4	7	3	0	0
smiley	073	21	0	6	3	3	2.0	0	11	9	5	5	5	9	4	0	0
smiley	074	31	2	5	5	7	1.0769230769230769	3	12	13	12	13	12	10	4	0	2
smiley	075	21	2	3	3	1	1.2222222222222223	1	10	13	9	8	4	6	4	0	0
smiley	076	22	1	10	1	2	1.0	6	13	14	8	9	11	13	4	0	0
smiley	077	35	0	6	5	5	1.0666666666666667	6	10	9	13	14	22	15	4	0	4
smiley	078	24	4	2	5	3	1.0	2	8	10	9	9	5	3	4	0	0
smiley	079	25	3	7	5	5	1.4444444444444444	3	13	13	7	7	4	11	4	0	1
smiley	080	29	3	4	5	5	1.0	2	11	13	9	9	5	6	4	0	0
smiley	081	16	0	3	3	1	1.0	1	6	8	5	5	6	6	3	0	0
smiley	082	31	0	5	7	7	1.1666666666666667	0	13	12	9	10	5	10	4	0	1
smiley	083	27	1	4	6	5	1.0833333333333333	3	14	15	7	7	2	13	4	0	0
smiley	084	29	0	4	6	6	1.5	2	11	13	9	9	5	7	4	0	0
smiley	085	17	1	3	3	2	1.0	0	7	7	4	4	3	7	4	0	0
smiley	086	31	0	3	5	4	1.1818181818181819	2	8	9	12	12	12	7	3	0	0
smiley	087	23	0	4	4	3	1.2222222222222223	2	7	9	8	8	8	7	3	0	0
smiley	088	14	3	4	1	0	0.9	2	8	8	6	6	9	10	4	0	1
smiley	089	27	0	6	6	4	1.0769230769230769	1	9	9	10	9	11	11	4	0	1
smiley	090	27	0	3	5	6	0.9	1	10	10	9	11	5	7	4	0	2
smiley	091	12	1	6	1	0	1.1111111111111112	6	8	8	6	6	7	8	4	0	0
smiley	092	29	0	3	5	6	0.9	2	11	12	12	13	7	6	4	0	1
smiley	093	15	0	8	3	1	1.5714285714285714	1	9	9	4	4	4	11	3	0	0
smiley	094	55	2	3	9	9	1.0	3	15	16	17	16	8	6	4	0	0
smiley	095	28	1	4	3	6	0.8461538461538461	2	14	16	13	13	9	10	4	0	0
smiley	096	32	1	1	6	6	1.0	1	13	12	5	4	7	16	4	0	2
smiley	097	28	4	4	4	7	1.0	3	13	13	9	9	5	10	4	0	0
smiley	098	71	3	1	9	12	1.0	2	21	20	16	13	8	14	4	0	1
smiley	099	44	2	0	8	5	0.8333333333333334	2	15	13	15	15	2	2	4	0	0
xclaim	000	9	9	0	0	1	0.08333333333333333	2	2	2	9	9	9	1	2	0	0
xclaim	001	13	11	1	0	1	0.14285714285714285	1	3	2	11	12	11	2	2	0	0
xclaim	002	13	13	0	0	1	0.07142857142857142	2	2	2	13	13	13	1	2	0	0
xclaim	003	20	0	0	0	2	0.15384615384615385	0	4	4	10	10	0	0	2	0	0
xclaim	004	16	13	2	1	1	0.2	2	2	2	12	12	13	2	2	0	0
xclaim	005	13	11	0	0	2	0.125	2	2	2	11	11	11	1	2	0	0
xclaim	006	20	0	0	0	2	0.15384615384615385	0	4	4	10	10	0	0	2	0	0
xclaim	007	11	11	0	0	1	0.07692307692307693	2	2	2	11	11	11	1	2	0	0
xclaim	008	10	10	0	0	1	0.09090909090909091	2	2	2	10	10	10	1	2	0	0
xclaim	009	21	3	0	6	3	0.25	0	2	2	7	7	3	1	2	0	0
xclaim	010	11	11	0	0	1	0.07692307692307693	2	2	2	11	11	11	1	2	0	0
xclaim	011	20	0	0	0	2	0.18181818181818182	2	4	4	10	10	0	2	2	0	0
xclaim	012	30	0	0	10	3	0.25	0	6	6	10	10	0	0	2	0	0
xclaim	013	12	12	0	0	1	0.07142857142857142	2	2	2	12	12	12	1	2	0	0
xclaim	014	10	10	0	0	1	0.09090909090909091	2	2	2	10	10	10	1	2	0	0
xclaim	015	44	0	0	14	3	0.26666666666666666	0	7	6	14	13	0	0	2	0	0
xclaim	016	20	0	0	0	2	0.18181818181818182	0	4	4	10	10	0	0	2	0	0
xclaim	017	9	9	0	0	1	0.07142857142857142	2	2	2	9	9	9	1	2	0	0
xclaim	018	16	12	0	0	2	0.125	2	2	2	12	12	12	1	2	0	0
xclaim	019	10	10	0	0	1	0.07692307692307693	4	2	2	10	10	10	0	2	0	0
xclaim	020	11	11	0	0	1	0.07142857142857142	2	2	2	11	11	11	1	2	0	0
xclaim	021	12	10	1	0	1	0.23076923076923078	1	2	2	10	10	10	1	2	0	0
xclaim	022	44	1	0	10	4	0.26666666666666666	0	5	5	10	12	1	0	2	0	0
xclaim	023	8	8	0	0	1	0.1111111111111111	2	2	2	8	8	8	1	2	0	0
xclaim	024	16	10	0	2	1	0.21428571428571427	2	4	4	12	12	10	0	2	0	0
xclaim	025	11	11	0	0	1	0.08333333333333333	2	2	2	11	11	11	1	2	0	0
xclaim	026	20	0	0	0	2	0.18181818181818182	0	4	4	10	10	0	0	2	0	0
xclaim	027	28	0	0	0	2	0.125	0	4	4	14	14	0	0	2	0	0
xclaim	028	10	10	0	0	1	0.08333333333333333	2	2	2	10	10	10	1	2	0	0
xclaim	029	17	8	0	3	3	0.25	2	4	4	11	11	8	0	2	0	0
xclaim	030	18	0	0	0	2	0.18181818181818182	0	4	4	9	9	0	0	2	0	0
xclaim	031	12	12	0	0	1	0.07142857142857142	2	2	2	12	12	12	1	2	0	0
xclaim	032	26	0	0	0	2	0.13333333333333333	0	4	4	13	13	0	0	2	0	0
xclaim	033	11	11	0	0	1	0.07692307692307693	2	2	2	11	11	11	1	2	0	0
xclaim	034	11	11	0	0	1	0.07142857142857142	2	2	2	11	11	11	1	2	0	0
xclaim	035	11	5	0	0	2	0.2	2	2	2	6	8	5	1	2	0	0
xclaim	036	7	7	0	0	1	0.1111111111111111	2	2	2	7	7	7	1	2	0	0
xclaim	037	11	11	0	0	1	0.08333333333333333	2	2	2	11	11	11	1	2	0	0
xclaim	038	10	10	0	0	1	0.07142857142857142	2	2	2	10	10	10	1	2	0	0
xclaim	039	13	13	0	0	1	0.07142857142857142	4	2	2	13	13	13	0	2	0	0
xclaim	040	17	9	0	0	2	0.2857142857142857	1	3	3	11	11	9	0	2	0	0
xclaim	041	30	0	0	10	3	0.2727272727272727	0	6	6	10	10	0	0	2	0	0
xclaim	042	14	14	0	0	1	0.06666666666666667	4	2	2	14	14	14	0	2	0	0
xclaim	043	9	9	0	0	1	0.09090909090909091	2	2	2	9	9	9	1	2	0	0
xclaim	044	35	0	0	7	5	0.3333333333333333	0	6	6	14	16	12	2	2	1	0
xclaim	045	30	0	0	0	2	0.11764705882352941	0	4	4	15	15	0	0	2	0	0
xclaim	046	36	0	0	12	3	0.23076923076923078	0	6	6	12	12	0	0	2	0	0
xclaim	047	60	0	0	16	4	0.23529411764705882	0	7	8	16	15	0	0	2	0	0
xclaim	048	80	0	0	16	5	0.29411764705882354	0	10	10	16	16	0	0	2	0	0
xclaim	049	9	9	0	0	1	0.09090909090909091	2	2	2	9	9	9	1	2	0	0
xclaim	050	11	11	0	0	1	0.08333333333333333	2	2	2	11	11	11	1	2	0	0
xclaim	051	12	12	0	0	1	0.07142857142857142	2	2	2	12	12	12	1	2	0	0
xclaim	052	12	12	0	0	1	0.07692307692307693	2	2	2	12	12	12	1	2	0	0
xclaim	053	12	12	0	0	1	0.07692307692307693	2	2	2	12	12	12	1	2	0	0
xclaim	054	12	12	0	0	1	0.07142857142857142	2	2	2	12	12	12	1	2	0	0
xclaim	055	66	0	0	11	6	0.46153846153846156	0	12	12	11	11	0	0	2	0	0
xclaim	056	22	0	0	0	2	0.16666666666666666	0	4	4	11	11	0	0	2	0	0
xclaim	057	40	1	0	11	3	0.17647058823529413	0	4	5	14	13	1	1	2	0	0
xclaim	058	26	0	0	0	2	0.14285714285714285	0	4	4	13	13	0	0	2	0	0
xclaim	059	7	7	0	0	1	0.1111111111111111	2	2	2	7	7	7	1	2	0	0
xclaim	060	7	7	0	0	1	0.125	2	2	2	7	7	7	1	2	0	0
xclaim	061	6	6	0	0	1	0.14285714285714285	2	2	2	6	6	6	1	2	0	0
xclaim	062	24	0	0	0	2	0.15384615384615385	0	4	4	12	12	0	0	2	0	0
xclaim	063	11	11	0	0	1	0.07142857142857142	2	2	2	11	11	11	1	2	0	0
xclaim	064	12	12	0	0	1	0.07692307692307693	2	2	2	12	12	12	1	2	0	0
xclaim	065	12	8	6	0	0	0.8333333333333334	2	2	3	3	4	8	6	2	0	2
xclaim	066	20	0	0	0	2	0.16666666666666666	0	4	4	10	10	0	0	2	0	0
xclaim	067	6	6	0	0	1	0.125	2	2	2	6	6	6	1	2	0	0
xclaim	068	33	0	0	11	3	0.25	0	6	6	11	11	0	0	2	0	0
xclaim	069	8	8	0	0	1	0.1	2	2	2	8	8	8	1	2	0	0
xclaim	070	12	12	0	0	1	0.06666666666666667	2	2	2	12	12	12	1	2	0	0
xclaim	071	9	9	0	0	1	0.09090909090909091	4	2	2	9	9	9	0	2	0	0
xclaim	072	11	11	0	0	2	0.15384615384615385	2	2	2	10	10	11	1	2	0	0
xclaim	073	77	0	0	17	5	0.2777777777777778	0	6	6	13	13	0	2	2	0	0
xclaim	074	12	12	0	0	1	0.07142857142857142	4	2	2	12	12	12	0	2	0	0
xclaim	075	6	6	0	0	1	0.125	2	2	2	6	6	6	1	2	0	0
xclaim	076	11	11	0	0	1	0.07692307692307693	4	2	2	11	11	11	0	2	0	0
xclaim	077	39	0	0	13	3	0.21428571428571427	0	6	6	13	13	0	0	2	0	0
xclaim	078	33	0	0	11	3	0.23076923076923078	0	6	6	11	11	0	0	2	0	0
xclaim	079	10	10	0	0	1	0.07692307692307693	2	2	2	10	10	10	1	2	0	0
xclaim	080	51	0	0	17	3	0.16666666666666666	0	6	6	17	17	0	0	2	0	0
xclaim	081	8	8	0	0	1	0.1	2	2	2	8	8	8	1	2	0	0
xclaim	082	10	10	0	0	1	0.08333333333333333	4	2	2	10	10	10	0	2	0	0
xclaim	083	8	8	0	0	1	0.09090909090909091	2	2	2	8	8	8	1	2	0	0
xclaim	084	7	7	0	0	1	0.1	2	2	2	7	7	7	1	2	0	0
xclaim	085	10	10	0	0	1	0.07692307692307693	2	2	2	10	10	10	1	2	0	0
xclaim	086	10	10	0	0	1	0.08333333333333333	2	2	2	10	10	10	1	2	0	0
xclaim	087	52	0	0	13	4	0.2857142857142857	0	8	8	13	13	0	0	2	0	0
xclaim	088	5	5	0	0	1	0.14285714285714285	2	2	2	5	5	5	1	2	0	0
xclaim	089	69	0	0	15	5	0.3125	0	7	8	13	14	0	0	2	0	0
xclaim	090	22	0	0	0	2	0.15384615384615385	0	4	4	11	11	0	0	2	0	0
xclaim	091	13	11	0	0	2	0.14285714285714285	2	2	2	11	11	11	1	2	0	0
xclaim	092	22	0	0	0	2	0.16666666666666666	0	4	4	11	11	0	0	2	0	0
xclaim	093	39	0	0	13	3	0.21428571428571427	0	6	6	13	13	0	0	2	0	0
xclaim	094	42	0	0	14	3	0.2	0	6	6	14	14	0	0	2	0	0
xclaim	095	42	0	0	14	3	0.2	0	6	6	14	14	0	0	2	0	0
xclaim	096	13	13	0	0	1	0.06666666666666667	2	2	2	13	13	13	1	2	0	0
xclaim	097	8	8	0	0	1	0.09090909090909091	2	2	2	8	8	8	1	2	0	0
xclaim	098	12	12	0	0	1	0.07692307692307693	2	2	2	12	12	12	1	2	0	0
xclaim	099	18	12	0	0	2	0.1875	2	2	3	14	13	12	0	2	0	0
